Name: CCTV-1, URL: https://iptv.catvod.com/live.php?id=CCTV1&line=1, From: subscribe, IPv_Type: ipv4, Location: 美国-加利福尼亚州-洛杉矶, ISP: IT7网络, Date: None, Delay: 86 ms, Speed: 11.74 M/s, Resolution: 1920x1080
Name: CCTV-1, URL: https://iptv.catvod.com/live.php?id=CCTV1&line=1, From: subscribe, IPv_Type: ipv4, Location: 美国-加利福尼亚州-洛杉矶, ISP: IT7网络, Date: None, Delay: 86 ms, Speed: 11.74 M/s, Resolution: 1920x1080
Name: CCTV-1, URL: https://iptv.catvod.com/live.php?id=CCTV1&line=2, From: subscribe, IPv_Type: ipv4, Location: 美国-加利福尼亚州-洛杉矶, ISP: IT7网络, Date: None, Delay: 86 ms, Speed: 11.74 M/s, Resolution: 1920x1080
Name: CCTV-1, URL: https://iptv.catvod.com/live.php?id=CCTV1&line=3, From: subscribe, IPv_Type: ipv4, Location: 美国-加利福尼亚州-洛杉矶, ISP: IT7网络, Date: None, Delay: 86 ms, Speed: 11.74 M/s, Resolution: 1920x1080
Name: CCTV-1, URL: https://iptv.catvod.com/live.php?id=CCTV1&line=4, From: subscribe, IPv_Type: ipv4, Location: 美国-加利福尼亚州-洛杉矶, ISP: IT7网络, Date: None, Delay: 86 ms, Speed: 11.74 M/s, Resolution: 1920x1080
Name: CCTV-1, URL: https://iptv.catvod.com/live.php?id=CCTV1&line=5, From: subscribe, IPv_Type: ipv4, Location: 美国-加利福尼亚州-洛杉矶, ISP: IT7网络, Date: None, Delay: 86 ms, Speed: 11.74 M/s, Resolution: 1920x1080
Name: CCTV-1, URL: https://iptv.catvod.com/live.php?id=CCTV1&line=6, From: subscribe, IPv_Type: ipv4, Location: 美国-加利福尼亚州-洛杉矶, ISP: IT7网络, Date: None, Delay: 86 ms, Speed: 11.74 M/s, Resolution: 1920x1080
Name: CCTV-1, URL: https://iptv.catvod.com/live.php?id=CCTV1&line=7, From: subscribe, IPv_Type: ipv4, Location: 美国-加利福尼亚州-洛杉矶, ISP: IT7网络, Date: None, Delay: 86 ms, Speed: 11.74 M/s, Resolution: 1920x1080
Name: CCTV-1, URL: https://iptv.catvod.com/live.php?id=CCTV1&line=8, From: subscribe, IPv_Type: ipv4, Location: 美国-加利福尼亚州-洛杉矶, ISP: IT7网络, Date: None, Delay: 86 ms, Speed: 11.74 M/s, Resolution: 1920x1080
Name: CCTV-1, URL: https://iptv.catvod.com/live.php?id=CCTV1&line=9, From: subscribe, IPv_Type: ipv4, Location: 美国-加利福尼亚州-洛杉矶, ISP: IT7网络, Date: None, Delay: 86 ms, Speed: 11.74 M/s, Resolution: 1920x1080
Name: CCTV-1, URL: https://iptv.catvod.com/live.php?id=CCTV1&line=10, From: subscribe, IPv_Type: ipv4, Location: 美国-加利福尼亚州-洛杉矶, ISP: IT7网络, Date: None, Delay: 86 ms, Speed: 11.74 M/s, Resolution: 1920x1080
Name: CCTV-1, URL: https://iptv.catvod.com/live.php?id=CCTV1&line=11, From: subscribe, IPv_Type: ipv4, Location: 美国-加利福尼亚州-洛杉矶, ISP: IT7网络, Date: None, Delay: 86 ms, Speed: 11.74 M/s, Resolution: 1920x1080
Name: CCTV-1, URL: https://iptv.catvod.com/live.php?id=CCTV1&line=12, From: subscribe, IPv_Type: ipv4, Location: 美国-加利福尼亚州-洛杉矶, ISP: IT7网络, Date: None, Delay: 86 ms, Speed: 11.74 M/s, Resolution: 1920x1080
Name: CCTV-1, URL: https://iptv.catvod.com/live.php?id=CCTV1&line=13, From: subscribe, IPv_Type: ipv4, Location: 美国-加利福尼亚州-洛杉矶, ISP: IT7网络, Date: None, Delay: 86 ms, Speed: 11.74 M/s, Resolution: 1920x1080
Name: CCTV-1, URL: https://iptv.catvod.com/live.php?id=CCTV1&line=14, From: subscribe, IPv_Type: ipv4, Location: 美国-加利福尼亚州-洛杉矶, ISP: IT7网络, Date: None, Delay: 86 ms, Speed: 11.74 M/s, Resolution: 1920x1080
Name: CCTV-1, URL: https://iptv.catvod.com/live.php?id=CCTV1&line=15, From: subscribe, IPv_Type: ipv4, Location: 美国-加利福尼亚州-洛杉矶, ISP: IT7网络, Date: None, Delay: 86 ms, Speed: 11.74 M/s, Resolution: 1920x1080
Name: CCTV-1, URL: https://iptv.catvod.com/live.php?id=CCTV1&line=16, From: subscribe, IPv_Type: ipv4, Location: 美国-加利福尼亚州-洛杉矶, ISP: IT7网络, Date: None, Delay: 86 ms, Speed: 11.74 M/s, Resolution: 1920x1080
Name: CCTV-1, URL: https://iptv.catvod.com/live.php?id=CCTV1&line=17, From: subscribe, IPv_Type: ipv4, Location: 美国-加利福尼亚州-洛杉矶, ISP: IT7网络, Date: None, Delay: 86 ms, Speed: 11.74 M/s, Resolution: 1920x1080
Name: CCTV-1, URL: https://iptv.catvod.com/live.php?id=CCTV1&line=18, From: subscribe, IPv_Type: ipv4, Location: 美国-加利福尼亚州-洛杉矶, ISP: IT7网络, Date: None, Delay: 86 ms, Speed: 11.74 M/s, Resolution: 1920x1080
Name: CCTV-1, URL: https://iptv.catvod.com/live.php?id=CCTV1&line=19, From: subscribe, IPv_Type: ipv4, Location: 美国-加利福尼亚州-洛杉矶, ISP: IT7网络, Date: None, Delay: 86 ms, Speed: 11.74 M/s, Resolution: 1920x1080
Name: CCTV-1, URL: http://php.jdshipin.com:8880/TVOD/iptv.php?id=rthk33, From: subscribe, IPv_Type: ipv6, Location: 美国, ISP: CloudFlare Inc., Date: None, Delay: 828 ms, Speed: 9.85 M/s, Resolution: 1920x1080
Name: CCTV-1, URL: http://php.jdshipin.com:8880/TVOD/iptv.php?id=rthk33, From: subscribe, IPv_Type: ipv6, Location: 美国, ISP: CloudFlare Inc., Date: None, Delay: 828 ms, Speed: 9.85 M/s, Resolution: 1920x1080
Name: CCTV-1, URL: http://23.237.228.134/live5/CCTV1.m3u8, From: subscribe, IPv_Type: ipv4, Location: 北美地区, ISP: , Date: None, Delay: 331 ms, Speed: 8.14 M/s, Resolution: 1920x1080
Name: CCTV-1, URL: http://23.237.228.134/live5/CCTV1.m3u8, From: subscribe, IPv_Type: ipv4, Location: 北美地区, ISP: , Date: None, Delay: 331 ms, Speed: 8.14 M/s, Resolution: 1920x1080
Name: CCTV-1, URL: https://p2.bdstatic.com/rtmp.liveshow.lss-user.baidubce.com/live/stream_bduid_6488563992_8982723413/merged_1707497046297_88536_25144_41936.m3u8, From: subscribe, IPv_Type: ipv4, Location: 中国-江西-南昌, ISP: 电信, Date: None, Delay: 4391 ms, Speed: 4.30 M/s, Resolution: 1920x1080
Name: CCTV-1, URL: https://p2.bdstatic.com/rtmp.liveshow.lss-user.baidubce.com/live/stream_bduid_6488563992_8982723413/merged_1707497046297_88536_25144_41936.m3u8, From: subscribe, IPv_Type: ipv4, Location: 中国-江西-南昌, ISP: 电信, Date: None, Delay: 4391 ms, Speed: 4.30 M/s, Resolution: 1920x1080
Name: CCTV-1, URL: http://play-hsbj.vzan.com/978354/446938712125478466/live.m3u8, From: subscribe, IPv_Type: ipv4, Location: 中国-河北-石家庄, ISP: 鹏博士宽带, Date: None, Delay: 2027 ms, Speed: 0.48 M/s, Resolution: 1280x720
Name: CCTV-1, URL: http://play-hsbj.vzan.com/978354/446938712125478466/live.m3u8, From: subscribe, IPv_Type: ipv4, Location: 中国-河北-石家庄, ISP: 鹏博士宽带, Date: None, Delay: 2027 ms, Speed: 0.48 M/s, Resolution: 1280x720
Name: CCTV-1, URL: http://111.9.163.109:55555/tsfile/live/0001_1.m3u8?key=txiptv, From: subscribe, IPv_Type: ipv4, Location: 中国-四川, ISP: 移动, Date: None, Delay: 12552 ms, Speed: 0.45 M/s, Resolution: 1920x1080
Name: CCTV-1, URL: http://111.9.163.109:55555/tsfile/live/0001_1.m3u8?key=txiptv, From: subscribe, IPv_Type: ipv4, Location: 中国-四川, ISP: 移动, Date: None, Delay: 12552 ms, Speed: 0.45 M/s, Resolution: 1920x1080
Name: CCTV-2, URL: https://iptv.catvod.com/live.php?id=CCTV2&line=1, From: subscribe, IPv_Type: ipv4, Location: 美国-加利福尼亚州-洛杉矶, ISP: IT7网络, Date: None, Delay: 86 ms, Speed: 11.74 M/s, Resolution: 1920x1080
Name: CCTV-2, URL: https://iptv.catvod.com/live.php?id=CCTV2&line=2, From: subscribe, IPv_Type: ipv4, Location: 美国-加利福尼亚州-洛杉矶, ISP: IT7网络, Date: None, Delay: 86 ms, Speed: 11.74 M/s, Resolution: 1920x1080
Name: CCTV-2, URL: https://iptv.catvod.com/live.php?id=CCTV2&line=3, From: subscribe, IPv_Type: ipv4, Location: 美国-加利福尼亚州-洛杉矶, ISP: IT7网络, Date: None, Delay: 86 ms, Speed: 11.74 M/s, Resolution: 1920x1080
Name: CCTV-2, URL: https://iptv.catvod.com/live.php?id=CCTV2&line=4, From: subscribe, IPv_Type: ipv4, Location: 美国-加利福尼亚州-洛杉矶, ISP: IT7网络, Date: None, Delay: 86 ms, Speed: 11.74 M/s, Resolution: 1920x1080
Name: CCTV-2, URL: https://iptv.catvod.com/live.php?id=CCTV2&line=5, From: subscribe, IPv_Type: ipv4, Location: 美国-加利福尼亚州-洛杉矶, ISP: IT7网络, Date: None, Delay: 86 ms, Speed: 11.74 M/s, Resolution: 1920x1080
Name: CCTV-2, URL: https://iptv.catvod.com/live.php?id=CCTV2&line=6, From: subscribe, IPv_Type: ipv4, Location: 美国-加利福尼亚州-洛杉矶, ISP: IT7网络, Date: None, Delay: 86 ms, Speed: 11.74 M/s, Resolution: 1920x1080
Name: CCTV-2, URL: https://iptv.catvod.com/live.php?id=CCTV2&line=7, From: subscribe, IPv_Type: ipv4, Location: 美国-加利福尼亚州-洛杉矶, ISP: IT7网络, Date: None, Delay: 86 ms, Speed: 11.74 M/s, Resolution: 1920x1080
Name: CCTV-2, URL: https://iptv.catvod.com/live.php?id=CCTV2&line=8, From: subscribe, IPv_Type: ipv4, Location: 美国-加利福尼亚州-洛杉矶, ISP: IT7网络, Date: None, Delay: 86 ms, Speed: 11.74 M/s, Resolution: 1920x1080
Name: CCTV-2, URL: https://iptv.catvod.com/live.php?id=CCTV2&line=9, From: subscribe, IPv_Type: ipv4, Location: 美国-加利福尼亚州-洛杉矶, ISP: IT7网络, Date: None, Delay: 86 ms, Speed: 11.74 M/s, Resolution: 1920x1080
Name: CCTV-2, URL: https://iptv.catvod.com/live.php?id=CCTV2&line=10, From: subscribe, IPv_Type: ipv4, Location: 美国-加利福尼亚州-洛杉矶, ISP: IT7网络, Date: None, Delay: 86 ms, Speed: 11.74 M/s, Resolution: 1920x1080
Name: CCTV-2, URL: https://iptv.catvod.com/live.php?id=CCTV2&line=11, From: subscribe, IPv_Type: ipv4, Location: 美国-加利福尼亚州-洛杉矶, ISP: IT7网络, Date: None, Delay: 86 ms, Speed: 11.74 M/s, Resolution: 1920x1080
Name: CCTV-2, URL: https://iptv.catvod.com/live.php?id=CCTV2&line=12, From: subscribe, IPv_Type: ipv4, Location: 美国-加利福尼亚州-洛杉矶, ISP: IT7网络, Date: None, Delay: 86 ms, Speed: 11.74 M/s, Resolution: 1920x1080
Name: CCTV-2, URL: http://php.jdshipin.com/TVOD/hljyd.php?id=3221225588, From: subscribe, IPv_Type: ipv6, Location: 美国, ISP: CloudFlare Inc., Date: None, Delay: 828 ms, Speed: 9.85 M/s, Resolution: 1920x1080
Name: CCTV-2, URL: http://38.75.136.137:98/gslb/dsdqbv/cctv2hd.m3u8?auth=test20251009, From: subscribe, IPv_Type: ipv4, Location: 美国-伊利诺伊州-库克, ISP: Cogent, Date: None, Delay: 468 ms, Speed: 9.46 M/s, Resolution: 1920x1080
Name: CCTV-2, URL: http://38.75.136.137:98/gslb/dsdqbv/cctv2hd.m3u8?auth=test20251009, From: subscribe, IPv_Type: ipv4, Location: 美国-伊利诺伊州-库克, ISP: Cogent, Date: None, Delay: 468 ms, Speed: 9.46 M/s, Resolution: 1920x1080
Name: CCTV-2, URL: http://23.237.228.134/live5/CCTV2.m3u8, From: subscribe, IPv_Type: ipv4, Location: 北美地区, ISP: , Date: None, Delay: 331 ms, Speed: 8.14 M/s, Resolution: 1920x1080
Name: CCTV-2, URL: https://p2.bdstatic.com/rtmp.liveshow.lss-user.baidubce.com/live/stream_bduid_6488563992_8982723413/merged_1707497046297_88536_25144_41936.m3u8, From: subscribe, IPv_Type: ipv4, Location: 中国-山东-济南, ISP: 百度云加速数据中心, Date: None, Delay: 4391 ms, Speed: 4.30 M/s, Resolution: 1920x1080
Name: CCTV-2, URL: http://111.9.163.109:55555/tsfile/live/0002_1.m3u8?key=txiptv, From: subscribe, IPv_Type: ipv4, Location: 中国-四川, ISP: 移动, Date: None, Delay: 12552 ms, Speed: 0.45 M/s, Resolution: 1920x1080
Name: CCTV-3, URL: https://iptv.catvod.com/live.php?id=CCTV3&line=1, From: subscribe, IPv_Type: ipv4, Location: 美国-加利福尼亚州-洛杉矶, ISP: IT7网络, Date: None, Delay: 86 ms, Speed: 11.74 M/s, Resolution: 1920x1080
Name: CCTV-3, URL: https://iptv.catvod.com/live.php?id=CCTV3&line=2, From: subscribe, IPv_Type: ipv4, Location: 美国-加利福尼亚州-洛杉矶, ISP: IT7网络, Date: None, Delay: 86 ms, Speed: 11.74 M/s, Resolution: 1920x1080
Name: CCTV-3, URL: https://iptv.catvod.com/live.php?id=CCTV3&line=3, From: subscribe, IPv_Type: ipv4, Location: 美国-加利福尼亚州-洛杉矶, ISP: IT7网络, Date: None, Delay: 86 ms, Speed: 11.74 M/s, Resolution: 1920x1080
Name: CCTV-3, URL: https://iptv.catvod.com/live.php?id=CCTV3&line=4, From: subscribe, IPv_Type: ipv4, Location: 美国-加利福尼亚州-洛杉矶, ISP: IT7网络, Date: None, Delay: 86 ms, Speed: 11.74 M/s, Resolution: 1920x1080
Name: CCTV-3, URL: https://iptv.catvod.com/live.php?id=CCTV3&line=5, From: subscribe, IPv_Type: ipv4, Location: 美国-加利福尼亚州-洛杉矶, ISP: IT7网络, Date: None, Delay: 86 ms, Speed: 11.74 M/s, Resolution: 1920x1080
Name: CCTV-3, URL: https://iptv.catvod.com/live.php?id=CCTV3&line=6, From: subscribe, IPv_Type: ipv4, Location: 美国-加利福尼亚州-洛杉矶, ISP: IT7网络, Date: None, Delay: 86 ms, Speed: 11.74 M/s, Resolution: 1920x1080
Name: CCTV-3, URL: https://iptv.catvod.com/live.php?id=CCTV3&line=7, From: subscribe, IPv_Type: ipv4, Location: 美国-加利福尼亚州-洛杉矶, ISP: IT7网络, Date: None, Delay: 86 ms, Speed: 11.74 M/s, Resolution: 1920x1080
Name: CCTV-3, URL: http://php.jdshipin.com/TVOD/hljyd.php?id=3221226021, From: subscribe, IPv_Type: ipv6, Location: 美国, ISP: CloudFlare Inc., Date: None, Delay: 828 ms, Speed: 9.85 M/s, Resolution: 1920x1080
Name: CCTV-3, URL: http://38.75.136.137:98/gslb/dsdqca/cctv3hd.m3u8?auth=test20251009, From: subscribe, IPv_Type: ipv4, Location: 美国-伊利诺伊州-库克, ISP: Cogent, Date: None, Delay: 468 ms, Speed: 9.46 M/s, Resolution: 1920x1080
Name: CCTV-3, URL: http://38.75.136.137:98/gslb/dsdqca/scwshd.m3u8?auth=test20251009, From: subscribe, IPv_Type: ipv4, Location: 美国-伊利诺伊州-库克, ISP: Cogent, Date: None, Delay: 468 ms, Speed: 9.46 M/s, Resolution: 1920x1080
Name: CCTV-3, URL: http://38.75.136.137:98/gslb/dsdqbv/cctv3hd.m3u8?auth=test20251009, From: subscribe, IPv_Type: ipv4, Location: 美国-伊利诺伊州-库克, ISP: Cogent, Date: None, Delay: 468 ms, Speed: 9.46 M/s, Resolution: 1920x1080
Name: CCTV-3, URL: http://23.237.228.134/live5/CCTV3.m3u8, From: subscribe, IPv_Type: ipv4, Location: 北美地区, ISP: , Date: None, Delay: 331 ms, Speed: 8.14 M/s, Resolution: 1920x1080
Name: CCTV-3, URL: http://111.9.163.109:55555/tsfile/live/0003_1.m3u8?key=txiptv, From: subscribe, IPv_Type: ipv4, Location: 中国-四川, ISP: 移动, Date: None, Delay: 12552 ms, Speed: 0.45 M/s, Resolution: 1920x1080
Name: CCTV-4, URL: https://iptv.catvod.com/live.php?id=CCTV4&line=1, From: subscribe, IPv_Type: ipv4, Location: 美国-加利福尼亚州-洛杉矶, ISP: IT7网络, Date: None, Delay: 86 ms, Speed: 11.74 M/s, Resolution: 1920x1080
Name: CCTV-4, URL: https://iptv.catvod.com/live.php?id=CCTV4&line=2, From: subscribe, IPv_Type: ipv4, Location: 美国-加利福尼亚州-洛杉矶, ISP: IT7网络, Date: None, Delay: 86 ms, Speed: 11.74 M/s, Resolution: 1920x1080
Name: CCTV-4, URL: https://iptv.catvod.com/live.php?id=CCTV4&line=3, From: subscribe, IPv_Type: ipv4, Location: 美国-加利福尼亚州-洛杉矶, ISP: IT7网络, Date: None, Delay: 86 ms, Speed: 11.74 M/s, Resolution: 1920x1080
Name: CCTV-4, URL: https://iptv.catvod.com/live.php?id=CCTV4&line=4, From: subscribe, IPv_Type: ipv4, Location: 美国-加利福尼亚州-洛杉矶, ISP: IT7网络, Date: None, Delay: 86 ms, Speed: 11.74 M/s, Resolution: 1920x1080
Name: CCTV-4, URL: https://iptv.catvod.com/live.php?id=CCTV4&line=5, From: subscribe, IPv_Type: ipv4, Location: 美国-加利福尼亚州-洛杉矶, ISP: IT7网络, Date: None, Delay: 86 ms, Speed: 11.74 M/s, Resolution: 1920x1080
Name: CCTV-4, URL: https://iptv.catvod.com/live.php?id=CCTV4&line=6, From: subscribe, IPv_Type: ipv4, Location: 美国-加利福尼亚州-洛杉矶, ISP: IT7网络, Date: None, Delay: 86 ms, Speed: 11.74 M/s, Resolution: 1920x1080
Name: CCTV-4, URL: https://iptv.catvod.com/live.php?id=CCTV4&line=7, From: subscribe, IPv_Type: ipv4, Location: 美国-加利福尼亚州-洛杉矶, ISP: IT7网络, Date: None, Delay: 86 ms, Speed: 11.74 M/s, Resolution: 1920x1080
Name: CCTV-4, URL: https://iptv.catvod.com/live.php?id=CCTV4&line=8, From: subscribe, IPv_Type: ipv4, Location: 美国-加利福尼亚州-洛杉矶, ISP: IT7网络, Date: None, Delay: 86 ms, Speed: 11.74 M/s, Resolution: 1920x1080
Name: CCTV-4, URL: https://iptv.catvod.com/live.php?id=CCTV4&line=9, From: subscribe, IPv_Type: ipv4, Location: 美国-加利福尼亚州-洛杉矶, ISP: IT7网络, Date: None, Delay: 86 ms, Speed: 11.74 M/s, Resolution: 1920x1080
Name: CCTV-4, URL: https://iptv.catvod.com/live.php?id=CCTV4&line=10, From: subscribe, IPv_Type: ipv4, Location: 美国-加利福尼亚州-洛杉矶, ISP: IT7网络, Date: None, Delay: 86 ms, Speed: 11.74 M/s, Resolution: 1920x1080
Name: CCTV-4, URL: https://iptv.catvod.com/live.php?id=CCTV4&line=11, From: subscribe, IPv_Type: ipv4, Location: 美国-加利福尼亚州-洛杉矶, ISP: IT7网络, Date: None, Delay: 86 ms, Speed: 11.74 M/s, Resolution: 1920x1080
Name: CCTV-4, URL: https://iptv.catvod.com/live.php?id=CCTV4&line=12, From: subscribe, IPv_Type: ipv4, Location: 美国-加利福尼亚州-洛杉矶, ISP: IT7网络, Date: None, Delay: 86 ms, Speed: 11.74 M/s, Resolution: 1920x1080
Name: CCTV-4, URL: https://iptv.catvod.com/live.php?id=CCTV4&line=13, From: subscribe, IPv_Type: ipv4, Location: 美国-加利福尼亚州-洛杉矶, ISP: IT7网络, Date: None, Delay: 86 ms, Speed: 11.74 M/s, Resolution: 1920x1080
Name: CCTV-4, URL: https://iptv.catvod.com/live.php?id=CCTV4&line=14, From: subscribe, IPv_Type: ipv4, Location: 美国-加利福尼亚州-洛杉矶, ISP: IT7网络, Date: None, Delay: 86 ms, Speed: 11.74 M/s, Resolution: 1920x1080
Name: CCTV-4, URL: https://iptv.catvod.com/live.php?id=CCTV4&line=15, From: subscribe, IPv_Type: ipv4, Location: 美国-加利福尼亚州-洛杉矶, ISP: IT7网络, Date: None, Delay: 86 ms, Speed: 11.74 M/s, Resolution: 1920x1080
Name: CCTV-4, URL: https://iptv.catvod.com/live.php?id=CCTV4&line=16, From: subscribe, IPv_Type: ipv4, Location: 美国-加利福尼亚州-洛杉矶, ISP: IT7网络, Date: None, Delay: 86 ms, Speed: 11.74 M/s, Resolution: 1920x1080
Name: CCTV-4, URL: http://php.jdshipin.com/TVOD/hljyd.php?id=3221226428, From: subscribe, IPv_Type: ipv6, Location: 美国, ISP: CloudFlare Inc., Date: None, Delay: 828 ms, Speed: 9.85 M/s, Resolution: 1920x1080
Name: CCTV-4, URL: http://38.75.136.137:98/gslb/dsdqbv/cctv4hd.m3u8?auth=test20251009, From: subscribe, IPv_Type: ipv4, Location: 美国-伊利诺伊州-库克, ISP: Cogent, Date: None, Delay: 468 ms, Speed: 9.46 M/s, Resolution: 1920x1080
Name: CCTV-4, URL: http://38.75.136.137:98/gslb/dsdqca/cctv4hd.m3u8?auth=test20251009, From: subscribe, IPv_Type: ipv4, Location: 美国-伊利诺伊州-库克, ISP: Cogent, Date: None, Delay: 468 ms, Speed: 9.46 M/s, Resolution: 1920x1080
Name: CCTV-4, URL: https://dash2.antik.sk/live/test_cctv_tizen/playlist.m3u8, From: subscribe, IPv_Type: ipv6, Location: 斯洛伐克, ISP: , Date: None, Delay: 1386 ms, Speed: 0.79 M/s, Resolution: 1280x720
Name: CCTV-4, URL: https://dash2.antik.sk/live/test_cctv_tizen/playlist.m3u8, From: subscribe, IPv_Type: ipv6, Location: 斯洛伐克, ISP: , Date: None, Delay: 1386 ms, Speed: 0.79 M/s, Resolution: 1280x720
Name: CCTV-4, URL: http://111.9.163.109:55555/tsfile/live/0004_1.m3u8?key=txiptv, From: subscribe, IPv_Type: ipv4, Location: 中国-四川, ISP: 移动, Date: None, Delay: 12552 ms, Speed: 0.45 M/s, Resolution: 1920x1080
Name: CCTV-5, URL: https://iptv.catvod.com/live.php?id=CCTV-5plus, From: subscribe, IPv_Type: ipv6, Location: 美国, ISP: CloudFlare Inc., Date: None, Delay: 86 ms, Speed: 11.74 M/s, Resolution: 1920x1080
Name: CCTV-5, URL: https://iptv.catvod.com/live.php?id=CCTV5%2B, From: subscribe, IPv_Type: ipv4, Location: 美国-加利福尼亚州-洛杉矶, ISP: IT7网络, Date: None, Delay: 86 ms, Speed: 11.74 M/s, Resolution: 1920x1080
Name: CCTV-5, URL: https://iptv.catvod.com/live.php?id=CCTV5&line=1, From: subscribe, IPv_Type: ipv4, Location: 美国-加利福尼亚州-洛杉矶, ISP: IT7网络, Date: None, Delay: 86 ms, Speed: 11.74 M/s, Resolution: 1920x1080
Name: CCTV-5, URL: https://iptv.catvod.com/live.php?id=CCTV5&line=2, From: subscribe, IPv_Type: ipv4, Location: 美国-加利福尼亚州-洛杉矶, ISP: IT7网络, Date: None, Delay: 86 ms, Speed: 11.74 M/s, Resolution: 1920x1080
Name: CCTV-5, URL: https://iptv.catvod.com/live.php?id=CCTV5&line=3, From: subscribe, IPv_Type: ipv4, Location: 美国-加利福尼亚州-洛杉矶, ISP: IT7网络, Date: None, Delay: 86 ms, Speed: 11.74 M/s, Resolution: 1920x1080
Name: CCTV-5, URL: https://iptv.catvod.com/live.php?id=CCTV5&line=4, From: subscribe, IPv_Type: ipv4, Location: 美国-加利福尼亚州-洛杉矶, ISP: IT7网络, Date: None, Delay: 86 ms, Speed: 11.74 M/s, Resolution: 1920x1080
Name: CCTV-5, URL: https://iptv.catvod.com/live.php?id=CCTV5&line=5, From: subscribe, IPv_Type: ipv4, Location: 美国-加利福尼亚州-洛杉矶, ISP: IT7网络, Date: None, Delay: 86 ms, Speed: 11.74 M/s, Resolution: 1920x1080
Name: CCTV-5, URL: https://iptv.catvod.com/live.php?id=CCTV5&line=6, From: subscribe, IPv_Type: ipv4, Location: 美国-加利福尼亚州-洛杉矶, ISP: IT7网络, Date: None, Delay: 86 ms, Speed: 11.74 M/s, Resolution: 1920x1080
Name: CCTV-5, URL: https://iptv.catvod.com/live.php?id=CCTV5&line=7, From: subscribe, IPv_Type: ipv4, Location: 美国-加利福尼亚州-洛杉矶, ISP: IT7网络, Date: None, Delay: 86 ms, Speed: 11.74 M/s, Resolution: 1920x1080
Name: CCTV-5, URL: https://iptv.catvod.com/live.php?id=CCTV5&line=8, From: subscribe, IPv_Type: ipv4, Location: 美国-加利福尼亚州-洛杉矶, ISP: IT7网络, Date: None, Delay: 86 ms, Speed: 11.74 M/s, Resolution: 1920x1080
Name: CCTV-5, URL: https://iptv.catvod.com/live.php?id=CCTV5&line=9, From: subscribe, IPv_Type: ipv4, Location: 美国-加利福尼亚州-洛杉矶, ISP: IT7网络, Date: None, Delay: 86 ms, Speed: 11.74 M/s, Resolution: 1920x1080
Name: CCTV-5, URL: https://iptv.catvod.com/live.php?id=CCTV5&line=10, From: subscribe, IPv_Type: ipv4, Location: 美国-加利福尼亚州-洛杉矶, ISP: IT7网络, Date: None, Delay: 86 ms, Speed: 11.74 M/s, Resolution: 1920x1080
Name: CCTV-5, URL: https://iptv.catvod.com/live.php?id=CCTV5&line=11, From: subscribe, IPv_Type: ipv4, Location: 美国-加利福尼亚州-洛杉矶, ISP: IT7网络, Date: None, Delay: 86 ms, Speed: 11.74 M/s, Resolution: 1920x1080
Name: CCTV-5, URL: https://iptv.catvod.com/live.php?id=CCTV5&line=12, From: subscribe, IPv_Type: ipv4, Location: 美国-加利福尼亚州-洛杉矶, ISP: IT7网络, Date: None, Delay: 86 ms, Speed: 11.74 M/s, Resolution: 1920x1080
Name: CCTV-5, URL: http://php.jdshipin.com/TVOD/hljyd.php?id=3221226019, From: subscribe, IPv_Type: ipv6, Location: 美国, ISP: CloudFlare Inc., Date: None, Delay: 828 ms, Speed: 9.85 M/s, Resolution: 1920x1080
Name: CCTV-5, URL: http://38.75.136.137:98/gslb/dsdqca/cctv5hd.m3u8?auth=test20251009, From: subscribe, IPv_Type: ipv4, Location: 美国-伊利诺伊州-库克, ISP: Cogent, Date: None, Delay: 468 ms, Speed: 9.46 M/s, Resolution: 1920x1080
Name: CCTV-5, URL: http://38.75.136.137:98/gslb/dsdqpub/cctv5p.m3u8?auth=testpub, From: subscribe, IPv_Type: ipv4, Location: 美国-伊利诺伊州-库克, ISP: Cogent, Date: None, Delay: 468 ms, Speed: 9.46 M/s, Resolution: 1920x1080
Name: CCTV-5, URL: http://38.75.136.137:98/gslb/dsdqbv/cctv5hd.m3u8?auth=test20251009, From: subscribe, IPv_Type: ipv4, Location: 美国-伊利诺伊州-库克, ISP: Cogent, Date: None, Delay: 468 ms, Speed: 9.46 M/s, Resolution: 1920x1080
Name: CCTV-5, URL: http://38.75.136.137:98/gslb/dsdqbv/cctv5p.m3u8?auth=test20251009, From: subscribe, IPv_Type: ipv4, Location: 美国-伊利诺伊州-库克, ISP: Cogent, Date: None, Delay: 468 ms, Speed: 9.46 M/s, Resolution: 1920x1080
Name: CCTV-5, URL: http://38.75.136.137:98/gslb/dsdqca/jlwshd.m3u8?auth=test20251009, From: subscribe, IPv_Type: ipv4, Location: 美国-伊利诺伊州-库克, ISP: Cogent, Date: None, Delay: 468 ms, Speed: 9.46 M/s, Resolution: 1920x1080
Name: CCTV-5, URL: http://38.75.136.137:98/gslb/dsdqca/xjwshd.m3u8?auth=test20251009, From: subscribe, IPv_Type: ipv4, Location: 美国-伊利诺伊州-库克, ISP: Cogent, Date: None, Delay: 468 ms, Speed: 9.46 M/s, Resolution: 1920x1080
Name: CCTV-5, URL: http://23.237.228.134/live5/CCTV5.m3u8, From: subscribe, IPv_Type: ipv4, Location: 北美地区, ISP: , Date: None, Delay: 331 ms, Speed: 8.14 M/s, Resolution: 1920x1080
Name: CCTV-5, URL: http://23.237.228.134/live5/CCTV5p.m3u8, From: subscribe, IPv_Type: ipv4, Location: 北美地区, ISP: , Date: None, Delay: 331 ms, Speed: 8.14 M/s, Resolution: 1920x1080
Name: CCTV-5, URL: http://www.freetv.top/migu/641886683.m3u8?migutoken=cea30189b17e30fb3b4876609eb6e3128f840f8ab5db6f9643403213dc9980613938be69b13fe0290d2c44f0052b78d90c669a2f92e28951f92da861b7cba070b55ec1b4fe1a92a2c133c43c4c, From: subscribe, IPv_Type: ipv6, Location: 美国-加利福尼亚州-圣克拉拉, ISP: DigitalOcean, Date: None, Delay: 58 ms, Speed: 6.85 M/s, Resolution: 1920x1080
Name: CCTV-5, URL: http://www.freetv.top/migu/641886683.m3u8?migutoken=cea30189b17e30fb3b4876609eb6e3128f840f8ab5db6f9643403213dc9980613938be69b13fe0290d2c44f0052b78d90c669a2f92e28951f92da861b7cba070b55ec1b4fe1a92a2c133c43c4c, From: subscribe, IPv_Type: ipv6, Location: 美国-加利福尼亚州-圣克拉拉, ISP: DigitalOcean, Date: None, Delay: 58 ms, Speed: 6.85 M/s, Resolution: 1920x1080
Name: CCTV-5, URL: http://111.9.163.109:55555/tsfile/live/0005_1.m3u8?key=txiptv, From: subscribe, IPv_Type: ipv4, Location: 中国-四川, ISP: 移动, Date: None, Delay: 12552 ms, Speed: 0.45 M/s, Resolution: 1920x1080
Name: CCTV-5+, URL: https://iptv.catvod.com/live.php?id=CCTV5%2B, From: subscribe, IPv_Type: ipv6, Location: 美国, ISP: CloudFlare Inc., Date: None, Delay: 86 ms, Speed: 11.74 M/s, Resolution: 1920x1080
Name: CCTV-5+, URL: https://iptv.catvod.com/live.php?id=CCTV5%2B&line=1, From: subscribe, IPv_Type: ipv4, Location: 美国-加利福尼亚州-洛杉矶, ISP: IT7网络, Date: None, Delay: 86 ms, Speed: 11.74 M/s, Resolution: 1920x1080
Name: CCTV-5+, URL: https://iptv.catvod.com/live.php?id=CCTV5%2B&line=2, From: subscribe, IPv_Type: ipv4, Location: 美国-加利福尼亚州-洛杉矶, ISP: IT7网络, Date: None, Delay: 86 ms, Speed: 11.74 M/s, Resolution: 1920x1080
Name: CCTV-5+, URL: https://iptv.catvod.com/live.php?id=CCTV5%2B&line=3, From: subscribe, IPv_Type: ipv4, Location: 美国-加利福尼亚州-洛杉矶, ISP: IT7网络, Date: None, Delay: 86 ms, Speed: 11.74 M/s, Resolution: 1920x1080
Name: CCTV-5+, URL: http://php.jdshipin.com/TVOD/hljyd.php?id=3221225603, From: subscribe, IPv_Type: ipv6, Location: 美国, ISP: CloudFlare Inc., Date: None, Delay: 828 ms, Speed: 9.85 M/s, Resolution: 1920x1080
Name: CCTV-5+, URL: http://38.75.136.137:98/gslb/dsdqbv/cctv5p.m3u8?auth=test20251009, From: subscribe, IPv_Type: ipv4, Location: 美国-伊利诺伊州-库克, ISP: Cogent, Date: None, Delay: 468 ms, Speed: 9.46 M/s, Resolution: 1920x1080
Name: CCTV-5+, URL: http://www.freetv.top/migu/641886773.m3u8?migutoken=752524a725f1fe3e2f8566518e97cd59f827e367318341fa56132b91af956b4e1cd85f255dd26352c1e9611c76770d0ba4afaf07d71eb65ec9859b3d8239dd7806fb2b21c9410b3e062eab2fcc, From: subscribe, IPv_Type: ipv6, Location: 美国-加利福尼亚州-圣克拉拉, ISP: DigitalOcean, Date: None, Delay: 58 ms, Speed: 6.85 M/s, Resolution: 1920x1080
Name: CCTV-6, URL: https://iptv.catvod.com/live.php?id=cctv6, From: subscribe, IPv_Type: ipv6, Location: 美国, ISP: CloudFlare Inc., Date: None, Delay: 86 ms, Speed: 11.74 M/s, Resolution: 1920x1080
Name: CCTV-6, URL: https://iptv.catvod.com/live.php?id=CCTV-6%20%E7%94%B5%E5%BD%B1, From: subscribe, IPv_Type: ipv6, Location: 美国, ISP: CloudFlare Inc., Date: None, Delay: 86 ms, Speed: 11.74 M/s, Resolution: 1920x1080
Name: CCTV-6, URL: https://iptv.catvod.com/live.php?id=CCTV6, From: subscribe, IPv_Type: ipv6, Location: 美国, ISP: CloudFlare Inc., Date: None, Delay: 86 ms, Speed: 11.74 M/s, Resolution: 1920x1080
Name: CCTV-6, URL: https://iptv.catvod.com/live.php?id=CCTV-6, From: subscribe, IPv_Type: ipv6, Location: 美国, ISP: CloudFlare Inc., Date: None, Delay: 86 ms, Speed: 11.74 M/s, Resolution: 1920x1080
Name: CCTV-6, URL: https://iptv.catvod.com/live.php?id=CCTV6&line=1, From: subscribe, IPv_Type: ipv4, Location: 美国-加利福尼亚州-洛杉矶, ISP: IT7网络, Date: None, Delay: 86 ms, Speed: 11.74 M/s, Resolution: 1920x1080
Name: CCTV-6, URL: https://iptv.catvod.com/live.php?id=CCTV6&line=2, From: subscribe, IPv_Type: ipv4, Location: 美国-加利福尼亚州-洛杉矶, ISP: IT7网络, Date: None, Delay: 86 ms, Speed: 11.74 M/s, Resolution: 1920x1080
Name: CCTV-6, URL: https://iptv.catvod.com/live.php?id=CCTV6&line=3, From: subscribe, IPv_Type: ipv4, Location: 美国-加利福尼亚州-洛杉矶, ISP: IT7网络, Date: None, Delay: 86 ms, Speed: 11.74 M/s, Resolution: 1920x1080
Name: CCTV-6, URL: https://iptv.catvod.com/live.php?id=CCTV6&line=4, From: subscribe, IPv_Type: ipv4, Location: 美国-加利福尼亚州-洛杉矶, ISP: IT7网络, Date: None, Delay: 86 ms, Speed: 11.74 M/s, Resolution: 1920x1080
Name: CCTV-6, URL: https://iptv.catvod.com/live.php?id=CCTV6&line=5, From: subscribe, IPv_Type: ipv4, Location: 美国-加利福尼亚州-洛杉矶, ISP: IT7网络, Date: None, Delay: 86 ms, Speed: 11.74 M/s, Resolution: 1920x1080
Name: CCTV-6, URL: https://iptv.catvod.com/live.php?id=CCTV6&line=6, From: subscribe, IPv_Type: ipv4, Location: 美国-加利福尼亚州-洛杉矶, ISP: IT7网络, Date: None, Delay: 86 ms, Speed: 11.74 M/s, Resolution: 1920x1080
Name: CCTV-6, URL: https://iptv.catvod.com/live.php?id=CCTV6&line=7, From: subscribe, IPv_Type: ipv4, Location: 美国-加利福尼亚州-洛杉矶, ISP: IT7网络, Date: None, Delay: 86 ms, Speed: 11.74 M/s, Resolution: 1920x1080
Name: CCTV-6, URL: https://iptv.catvod.com/live.php?id=CCTV6&line=8, From: subscribe, IPv_Type: ipv4, Location: 美国-加利福尼亚州-洛杉矶, ISP: IT7网络, Date: None, Delay: 86 ms, Speed: 11.74 M/s, Resolution: 1920x1080
Name: CCTV-6, URL: https://iptv.catvod.com/live.php?id=CCTV6&line=9, From: subscribe, IPv_Type: ipv4, Location: 美国-加利福尼亚州-洛杉矶, ISP: IT7网络, Date: None, Delay: 86 ms, Speed: 11.74 M/s, Resolution: 1920x1080
Name: CCTV-6, URL: https://iptv.catvod.com/live.php?id=CCTV6&line=10, From: subscribe, IPv_Type: ipv4, Location: 美国-加利福尼亚州-洛杉矶, ISP: IT7网络, Date: None, Delay: 86 ms, Speed: 11.74 M/s, Resolution: 1920x1080
Name: CCTV-6, URL: https://iptv.catvod.com/live.php?id=CCTV6&line=11, From: subscribe, IPv_Type: ipv4, Location: 美国-加利福尼亚州-洛杉矶, ISP: IT7网络, Date: None, Delay: 86 ms, Speed: 11.74 M/s, Resolution: 1920x1080
Name: CCTV-6, URL: https://iptv.catvod.com/live.php?id=CCTV6&line=12, From: subscribe, IPv_Type: ipv4, Location: 美国-加利福尼亚州-洛杉矶, ISP: IT7网络, Date: None, Delay: 86 ms, Speed: 11.74 M/s, Resolution: 1920x1080
Name: CCTV-6, URL: https://iptv.catvod.com/live.php?id=CCTV6&line=13, From: subscribe, IPv_Type: ipv4, Location: 美国-加利福尼亚州-洛杉矶, ISP: IT7网络, Date: None, Delay: 86 ms, Speed: 11.74 M/s, Resolution: 1920x1080
Name: CCTV-6, URL: http://php.jdshipin.com/TVOD/hljyd.php?id=3221226010, From: subscribe, IPv_Type: ipv6, Location: 美国, ISP: CloudFlare Inc., Date: None, Delay: 828 ms, Speed: 9.85 M/s, Resolution: 1920x1080
Name: CCTV-6, URL: http://38.75.136.137:98/gslb/dsdqbv/cctv6hd.m3u8?auth=test20251009, From: subscribe, IPv_Type: ipv4, Location: 美国-伊利诺伊州-库克, ISP: Cogent, Date: None, Delay: 468 ms, Speed: 9.46 M/s, Resolution: 1920x1080
Name: CCTV-6, URL: http://38.75.136.137:98/gslb/dsdqca/cctv6hd.m3u8?auth=test20251009, From: subscribe, IPv_Type: ipv4, Location: 美国-伊利诺伊州-库克, ISP: Cogent, Date: None, Delay: 468 ms, Speed: 9.46 M/s, Resolution: 1920x1080
Name: CCTV-6, URL: http://38.75.136.137:98/gslb/dsdqpub/cctv6hd.m3u8?auth=testpub, From: subscribe, IPv_Type: ipv4, Location: 美国-伊利诺伊州-库克, ISP: Cogent, Date: None, Delay: 468 ms, Speed: 9.46 M/s, Resolution: 1920x1080
Name: CCTV-6, URL: http://www.freetv.top/migu/624878396.m3u8?migutoken=3adcad950884d4ecc6c6967edee9c162189a1e09480eb5c29b369864aeedaed43c3f951d7eb6c32d86baac49792aacb3264b8f074e746477064fd7b1f172f00a9d84373825617d4366e8c54f0c, From: subscribe, IPv_Type: ipv6, Location: 美国-加利福尼亚州-圣克拉拉, ISP: DigitalOcean, Date: None, Delay: 58 ms, Speed: 6.85 M/s, Resolution: 1920x1080
Name: CCTV-7, URL: https://iptv.catvod.com/live.php?id=cctv7, From: subscribe, IPv_Type: ipv6, Location: 美国, ISP: CloudFlare Inc., Date: None, Delay: 86 ms, Speed: 11.74 M/s, Resolution: 1920x1080
Name: CCTV-7, URL: https://iptv.catvod.com/live.php?id=CCTV-7%20%E5%9B%BD%E9%98%B2%E5%86%9B%E4%BA%8B, From: subscribe, IPv_Type: ipv6, Location: 美国, ISP: CloudFlare Inc., Date: None, Delay: 86 ms, Speed: 11.74 M/s, Resolution: 1920x1080
Name: CCTV-7, URL: https://iptv.catvod.com/live.php?id=CCTV7, From: subscribe, IPv_Type: ipv6, Location: 美国, ISP: CloudFlare Inc., Date: None, Delay: 86 ms, Speed: 11.74 M/s, Resolution: 1920x1080
Name: CCTV-7, URL: https://iptv.catvod.com/live.php?id=CCTV-7, From: subscribe, IPv_Type: ipv6, Location: 美国, ISP: CloudFlare Inc., Date: None, Delay: 86 ms, Speed: 11.74 M/s, Resolution: 1920x1080
Name: CCTV-7, URL: https://iptv.catvod.com/live.php?id=CCTV7&line=1, From: subscribe, IPv_Type: ipv4, Location: 美国-加利福尼亚州-洛杉矶, ISP: IT7网络, Date: None, Delay: 86 ms, Speed: 11.74 M/s, Resolution: 1920x1080
Name: CCTV-7, URL: https://iptv.catvod.com/live.php?id=CCTV7&line=2, From: subscribe, IPv_Type: ipv4, Location: 美国-加利福尼亚州-洛杉矶, ISP: IT7网络, Date: None, Delay: 86 ms, Speed: 11.74 M/s, Resolution: 1920x1080
Name: CCTV-7, URL: https://iptv.catvod.com/live.php?id=CCTV7&line=3, From: subscribe, IPv_Type: ipv4, Location: 美国-加利福尼亚州-洛杉矶, ISP: IT7网络, Date: None, Delay: 86 ms, Speed: 11.74 M/s, Resolution: 1920x1080
Name: CCTV-7, URL: https://iptv.catvod.com/live.php?id=CCTV7&line=4, From: subscribe, IPv_Type: ipv4, Location: 美国-加利福尼亚州-洛杉矶, ISP: IT7网络, Date: None, Delay: 86 ms, Speed: 11.74 M/s, Resolution: 1920x1080
Name: CCTV-7, URL: https://iptv.catvod.com/live.php?id=CCTV7&line=5, From: subscribe, IPv_Type: ipv4, Location: 美国-加利福尼亚州-洛杉矶, ISP: IT7网络, Date: None, Delay: 86 ms, Speed: 11.74 M/s, Resolution: 1920x1080
Name: CCTV-7, URL: https://iptv.catvod.com/live.php?id=CCTV7&line=6, From: subscribe, IPv_Type: ipv4, Location: 美国-加利福尼亚州-洛杉矶, ISP: IT7网络, Date: None, Delay: 86 ms, Speed: 11.74 M/s, Resolution: 1920x1080
Name: CCTV-7, URL: https://iptv.catvod.com/live.php?id=CCTV7&line=7, From: subscribe, IPv_Type: ipv4, Location: 美国-加利福尼亚州-洛杉矶, ISP: IT7网络, Date: None, Delay: 86 ms, Speed: 11.74 M/s, Resolution: 1920x1080
Name: CCTV-7, URL: https://iptv.catvod.com/live.php?id=CCTV7&line=8, From: subscribe, IPv_Type: ipv4, Location: 美国-加利福尼亚州-洛杉矶, ISP: IT7网络, Date: None, Delay: 86 ms, Speed: 11.74 M/s, Resolution: 1920x1080
Name: CCTV-7, URL: https://iptv.catvod.com/live.php?id=CCTV7&line=9, From: subscribe, IPv_Type: ipv4, Location: 美国-加利福尼亚州-洛杉矶, ISP: IT7网络, Date: None, Delay: 86 ms, Speed: 11.74 M/s, Resolution: 1920x1080
Name: CCTV-7, URL: http://php.jdshipin.com/TVOD/hljyd.php?id=3221225733, From: subscribe, IPv_Type: ipv6, Location: 美国, ISP: CloudFlare Inc., Date: None, Delay: 828 ms, Speed: 9.85 M/s, Resolution: 1920x1080
Name: CCTV-7, URL: http://38.75.136.137:98/gslb/dsdqpub/cctv7hd.m3u8?auth=testpub, From: subscribe, IPv_Type: ipv4, Location: 美国-伊利诺伊州-库克, ISP: Cogent, Date: None, Delay: 468 ms, Speed: 9.46 M/s, Resolution: 1920x1080
Name: CCTV-7, URL: http://38.75.136.137:98/gslb/dsdqca/cctv7hd.m3u8?auth=test20251009, From: subscribe, IPv_Type: ipv4, Location: 美国-伊利诺伊州-库克, ISP: Cogent, Date: None, Delay: 468 ms, Speed: 9.46 M/s, Resolution: 1920x1080
Name: CCTV-7, URL: http://38.75.136.137:98/gslb/dsdqbv/cctv7hd.m3u8?auth=test20251009, From: subscribe, IPv_Type: ipv4, Location: 美国-伊利诺伊州-库克, ISP: Cogent, Date: None, Delay: 468 ms, Speed: 9.46 M/s, Resolution: 1920x1080
Name: CCTV-7, URL: http://23.237.228.134/live5/CCTV7.m3u8, From: subscribe, IPv_Type: ipv4, Location: 北美地区, ISP: , Date: None, Delay: 331 ms, Speed: 8.14 M/s, Resolution: 1920x1080
Name: CCTV-7, URL: http://www.freetv.top/migu/673168121.m3u8?migutoken=bea4d574a7f96c7e95fb2000e191d57743cfdadfa9a4819385a46bf2bf269d9cf13b9bcc1494158b5bc16ce7d6751825800030253b91daf31a298122a2511f45821009cbeca64d12349bc0227d, From: subscribe, IPv_Type: ipv6, Location: 美国-加利福尼亚州-圣克拉拉, ISP: DigitalOcean, Date: None, Delay: 58 ms, Speed: 6.85 M/s, Resolution: 1920x1080
Name: CCTV-7, URL: https://ldocctvwbcdtxy.liveplay.myqcloud.com/ldocctvwbcd/cdrmldcctv7_1_td.m3u8, From: subscribe, IPv_Type: ipv4, Location: 中国-浙江-宁波, ISP: 电信, Date: None, Delay: 1384 ms, Speed: 0.36 M/s, Resolution: 1280x720
Name: CCTV-7, URL: https://ldocctvwbcdtxy.liveplay.myqcloud.com/ldocctvwbcd/cdrmldcctv7_1_td.m3u8, From: subscribe, IPv_Type: ipv4, Location: 中国-浙江-宁波, ISP: 电信, Date: None, Delay: 1384 ms, Speed: 0.36 M/s, Resolution: 1280x720
Name: CCTV-8, URL: https://iptv.catvod.com/live.php?id=cctv8, From: subscribe, IPv_Type: ipv6, Location: 美国, ISP: CloudFlare Inc., Date: None, Delay: 86 ms, Speed: 11.74 M/s, Resolution: 1920x1080
Name: CCTV-8, URL: https://iptv.catvod.com/live.php?id=CCTV8, From: subscribe, IPv_Type: ipv6, Location: 美国, ISP: CloudFlare Inc., Date: None, Delay: 86 ms, Speed: 11.74 M/s, Resolution: 1920x1080
Name: CCTV-8, URL: https://iptv.catvod.com/live.php?id=CCTV-8%20%E7%94%B5%E8%A7%86%E5%89%A7, From: subscribe, IPv_Type: ipv6, Location: 美国, ISP: CloudFlare Inc., Date: None, Delay: 86 ms, Speed: 11.74 M/s, Resolution: 1920x1080
Name: CCTV-8, URL: https://iptv.catvod.com/live.php?id=CCTV-8, From: subscribe, IPv_Type: ipv6, Location: 美国, ISP: CloudFlare Inc., Date: None, Delay: 86 ms, Speed: 11.74 M/s, Resolution: 1920x1080
Name: CCTV-8, URL: https://iptv.catvod.com/live.php?id=CCTV8&line=1, From: subscribe, IPv_Type: ipv4, Location: 美国-加利福尼亚州-洛杉矶, ISP: IT7网络, Date: None, Delay: 86 ms, Speed: 11.74 M/s, Resolution: 1920x1080
Name: CCTV-8, URL: https://iptv.catvod.com/live.php?id=CCTV8&line=2, From: subscribe, IPv_Type: ipv4, Location: 美国-加利福尼亚州-洛杉矶, ISP: IT7网络, Date: None, Delay: 86 ms, Speed: 11.74 M/s, Resolution: 1920x1080
Name: CCTV-8, URL: https://iptv.catvod.com/live.php?id=CCTV8&line=3, From: subscribe, IPv_Type: ipv4, Location: 美国-加利福尼亚州-洛杉矶, ISP: IT7网络, Date: None, Delay: 86 ms, Speed: 11.74 M/s, Resolution: 1920x1080
Name: CCTV-8, URL: https://iptv.catvod.com/live.php?id=CCTV8&line=4, From: subscribe, IPv_Type: ipv4, Location: 美国-加利福尼亚州-洛杉矶, ISP: IT7网络, Date: None, Delay: 86 ms, Speed: 11.74 M/s, Resolution: 1920x1080
Name: CCTV-8, URL: https://iptv.catvod.com/live.php?id=CCTV8&line=5, From: subscribe, IPv_Type: ipv4, Location: 美国-加利福尼亚州-洛杉矶, ISP: IT7网络, Date: None, Delay: 86 ms, Speed: 11.74 M/s, Resolution: 1920x1080
Name: CCTV-8, URL: https://iptv.catvod.com/live.php?id=CCTV8&line=6, From: subscribe, IPv_Type: ipv4, Location: 美国-加利福尼亚州-洛杉矶, ISP: IT7网络, Date: None, Delay: 86 ms, Speed: 11.74 M/s, Resolution: 1920x1080
Name: CCTV-8, URL: https://iptv.catvod.com/live.php?id=CCTV8&line=7, From: subscribe, IPv_Type: ipv4, Location: 美国-加利福尼亚州-洛杉矶, ISP: IT7网络, Date: None, Delay: 86 ms, Speed: 11.74 M/s, Resolution: 1920x1080
Name: CCTV-8, URL: https://iptv.catvod.com/live.php?id=CCTV8&line=8, From: subscribe, IPv_Type: ipv4, Location: 美国-加利福尼亚州-洛杉矶, ISP: IT7网络, Date: None, Delay: 86 ms, Speed: 11.74 M/s, Resolution: 1920x1080
Name: CCTV-8, URL: https://iptv.catvod.com/live.php?id=CCTV8&line=9, From: subscribe, IPv_Type: ipv4, Location: 美国-加利福尼亚州-洛杉矶, ISP: IT7网络, Date: None, Delay: 86 ms, Speed: 11.74 M/s, Resolution: 1920x1080
Name: CCTV-8, URL: https://iptv.catvod.com/live.php?id=CCTV8&line=10, From: subscribe, IPv_Type: ipv4, Location: 美国-加利福尼亚州-洛杉矶, ISP: IT7网络, Date: None, Delay: 86 ms, Speed: 11.74 M/s, Resolution: 1920x1080
Name: CCTV-8, URL: https://iptv.catvod.com/live.php?id=CCTV8&line=11, From: subscribe, IPv_Type: ipv4, Location: 美国-加利福尼亚州-洛杉矶, ISP: IT7网络, Date: None, Delay: 86 ms, Speed: 11.74 M/s, Resolution: 1920x1080
Name: CCTV-8, URL: https://iptv.catvod.com/live.php?id=CCTV8&line=12, From: subscribe, IPv_Type: ipv4, Location: 美国-加利福尼亚州-洛杉矶, ISP: IT7网络, Date: None, Delay: 86 ms, Speed: 11.74 M/s, Resolution: 1920x1080
Name: CCTV-8, URL: https://iptv.catvod.com/live.php?id=CCTV8&line=13, From: subscribe, IPv_Type: ipv4, Location: 美国-加利福尼亚州-洛杉矶, ISP: IT7网络, Date: None, Delay: 86 ms, Speed: 11.74 M/s, Resolution: 1920x1080
Name: CCTV-8, URL: https://iptv.catvod.com/live.php?id=CCTV8&line=14, From: subscribe, IPv_Type: ipv4, Location: 美国-加利福尼亚州-洛杉矶, ISP: IT7网络, Date: None, Delay: 86 ms, Speed: 11.74 M/s, Resolution: 1920x1080
Name: CCTV-8, URL: https://iptv.catvod.com/live.php?id=CCTV8&line=15, From: subscribe, IPv_Type: ipv4, Location: 美国-加利福尼亚州-洛杉矶, ISP: IT7网络, Date: None, Delay: 86 ms, Speed: 11.74 M/s, Resolution: 1920x1080
Name: CCTV-8, URL: http://php.jdshipin.com/TVOD/hljyd.php?id=3221226008, From: subscribe, IPv_Type: ipv6, Location: 美国, ISP: CloudFlare Inc., Date: None, Delay: 828 ms, Speed: 9.85 M/s, Resolution: 1920x1080
Name: CCTV-8, URL: http://38.75.136.137:98/gslb/dsdqpub/cctv8hd.m3u8?auth=testpub, From: subscribe, IPv_Type: ipv4, Location: 美国-伊利诺伊州-库克, ISP: Cogent, Date: None, Delay: 468 ms, Speed: 9.46 M/s, Resolution: 1920x1080
Name: CCTV-8, URL: http://38.75.136.137:98/gslb/dsdqbv/cctv8hd.m3u8?auth=test20251009, From: subscribe, IPv_Type: ipv4, Location: 美国-伊利诺伊州-库克, ISP: Cogent, Date: None, Delay: 468 ms, Speed: 9.46 M/s, Resolution: 1920x1080
Name: CCTV-8, URL: http://38.75.136.137:98/gslb/dsdqca/gxwshd.m3u8?auth=test20251009, From: subscribe, IPv_Type: ipv4, Location: 美国-伊利诺伊州-库克, ISP: Cogent, Date: None, Delay: 468 ms, Speed: 9.46 M/s, Resolution: 1920x1080
Name: CCTV-8, URL: http://23.237.228.134/live5/CCTV8.m3u8, From: subscribe, IPv_Type: ipv4, Location: 北美地区, ISP: , Date: None, Delay: 331 ms, Speed: 8.14 M/s, Resolution: 1920x1080
Name: CCTV-8, URL: http://www.freetv.top/migu/624878356.m3u8?migutoken=e6e1b0f11b3900539ca13088ccf9da6d0a771d58a295315011db1676c607e4bfd4d2ecf8b5f89e888d98843c67f6657703a3192a098894da656341d37aaa2d4abf591b1a09d80e6fff894dd29d, From: subscribe, IPv_Type: ipv6, Location: 美国-加利福尼亚州-圣克拉拉, ISP: DigitalOcean, Date: None, Delay: 58 ms, Speed: 6.85 M/s, Resolution: 1920x1080
Name: CCTV-9, URL: https://iptv.catvod.com/live.php?id=cctv9, From: subscribe, IPv_Type: ipv6, Location: 美国, ISP: CloudFlare Inc., Date: None, Delay: 86 ms, Speed: 11.74 M/s, Resolution: 1920x1080
Name: CCTV-9, URL: https://iptv.catvod.com/live.php?id=CCTV9, From: subscribe, IPv_Type: ipv6, Location: 美国, ISP: CloudFlare Inc., Date: None, Delay: 86 ms, Speed: 11.74 M/s, Resolution: 1920x1080
Name: CCTV-9, URL: https://iptv.catvod.com/live.php?id=CCTV-9%20%E7%BA%AA%E5%BD%95, From: subscribe, IPv_Type: ipv6, Location: 美国, ISP: CloudFlare Inc., Date: None, Delay: 86 ms, Speed: 11.74 M/s, Resolution: 1920x1080
Name: CCTV-9, URL: https://iptv.catvod.com/live.php?id=CCTV-9, From: subscribe, IPv_Type: ipv6, Location: 美国, ISP: CloudFlare Inc., Date: None, Delay: 86 ms, Speed: 11.74 M/s, Resolution: 1920x1080
Name: CCTV-9, URL: https://iptv.catvod.com/live.php?id=CCTV9&line=1, From: subscribe, IPv_Type: ipv4, Location: 美国-加利福尼亚州-洛杉矶, ISP: IT7网络, Date: None, Delay: 86 ms, Speed: 11.74 M/s, Resolution: 1920x1080
Name: CCTV-9, URL: https://iptv.catvod.com/live.php?id=CCTV9&line=2, From: subscribe, IPv_Type: ipv4, Location: 美国-加利福尼亚州-洛杉矶, ISP: IT7网络, Date: None, Delay: 86 ms, Speed: 11.74 M/s, Resolution: 1920x1080
Name: CCTV-9, URL: https://iptv.catvod.com/live.php?id=CCTV9&line=3, From: subscribe, IPv_Type: ipv4, Location: 美国-加利福尼亚州-洛杉矶, ISP: IT7网络, Date: None, Delay: 86 ms, Speed: 11.74 M/s, Resolution: 1920x1080
Name: CCTV-9, URL: https://iptv.catvod.com/live.php?id=CCTV9&line=4, From: subscribe, IPv_Type: ipv4, Location: 美国-加利福尼亚州-洛杉矶, ISP: IT7网络, Date: None, Delay: 86 ms, Speed: 11.74 M/s, Resolution: 1920x1080
Name: CCTV-9, URL: https://iptv.catvod.com/live.php?id=CCTV9&line=5, From: subscribe, IPv_Type: ipv4, Location: 美国-加利福尼亚州-洛杉矶, ISP: IT7网络, Date: None, Delay: 86 ms, Speed: 11.74 M/s, Resolution: 1920x1080
Name: CCTV-9, URL: https://iptv.catvod.com/live.php?id=CCTV9&line=6, From: subscribe, IPv_Type: ipv4, Location: 美国-加利福尼亚州-洛杉矶, ISP: IT7网络, Date: None, Delay: 86 ms, Speed: 11.74 M/s, Resolution: 1920x1080
Name: CCTV-9, URL: https://iptv.catvod.com/live.php?id=CCTV9&line=7, From: subscribe, IPv_Type: ipv4, Location: 美国-加利福尼亚州-洛杉矶, ISP: IT7网络, Date: None, Delay: 86 ms, Speed: 11.74 M/s, Resolution: 1920x1080
Name: CCTV-9, URL: http://php.jdshipin.com/TVOD/hljyd.php?id=3221225734, From: subscribe, IPv_Type: ipv6, Location: 美国, ISP: CloudFlare Inc., Date: None, Delay: 828 ms, Speed: 9.85 M/s, Resolution: 1920x1080
Name: CCTV-9, URL: http://38.75.136.137:98/gslb/dsdqpub/cctv9hd.m3u8?auth=testpub, From: subscribe, IPv_Type: ipv4, Location: 美国-伊利诺伊州-库克, ISP: Cogent, Date: None, Delay: 468 ms, Speed: 9.46 M/s, Resolution: 1920x1080
Name: CCTV-9, URL: http://38.75.136.137:98/gslb/dsdqbv/cctv9hd.m3u8?auth=test20251009, From: subscribe, IPv_Type: ipv4, Location: 美国-伊利诺伊州-库克, ISP: Cogent, Date: None, Delay: 468 ms, Speed: 9.46 M/s, Resolution: 1920x1080
Name: CCTV-9, URL: http://23.237.228.134/live5/CCTV9.m3u8, From: subscribe, IPv_Type: ipv4, Location: 北美地区, ISP: , Date: None, Delay: 331 ms, Speed: 8.14 M/s, Resolution: 1920x1080
Name: CCTV-9, URL: http://www.freetv.top/migu/673168140.m3u8?migutoken=b6b3dff09079aa89b4ea1988e02de40fa003df2db6f755979b0c414bdfffe3225adf1ec44edf5934481e00ada14c3b23dc6e93bb72f70ed2319f17002205dc998b6ce2dde3d00bf5701f8261ec, From: subscribe, IPv_Type: ipv6, Location: 美国-加利福尼亚州-圣克拉拉, ISP: DigitalOcean, Date: None, Delay: 58 ms, Speed: 6.85 M/s, Resolution: 1920x1080
Name: CCTV-10, URL: https://iptv.catvod.com/live.php?id=cctv10, From: subscribe, IPv_Type: ipv6, Location: 美国, ISP: CloudFlare Inc., Date: None, Delay: 86 ms, Speed: 11.74 M/s, Resolution: 1920x1080
Name: CCTV-10, URL: https://iptv.catvod.com/live.php?id=CCTV-10%20%E7%A7%91%E6%95%99, From: subscribe, IPv_Type: ipv6, Location: 美国, ISP: CloudFlare Inc., Date: None, Delay: 86 ms, Speed: 11.74 M/s, Resolution: 1920x1080
Name: CCTV-10, URL: https://iptv.catvod.com/live.php?id=CCTV10, From: subscribe, IPv_Type: ipv6, Location: 美国, ISP: CloudFlare Inc., Date: None, Delay: 86 ms, Speed: 11.74 M/s, Resolution: 1920x1080
Name: CCTV-10, URL: https://iptv.catvod.com/live.php?id=CCTV-10, From: subscribe, IPv_Type: ipv6, Location: 美国, ISP: CloudFlare Inc., Date: None, Delay: 86 ms, Speed: 11.74 M/s, Resolution: 1920x1080
Name: CCTV-10, URL: https://iptv.catvod.com/live.php?id=CCTV10&line=1, From: subscribe, IPv_Type: ipv4, Location: 美国-加利福尼亚州-洛杉矶, ISP: IT7网络, Date: None, Delay: 86 ms, Speed: 11.74 M/s, Resolution: 1920x1080
Name: CCTV-10, URL: https://iptv.catvod.com/live.php?id=CCTV10&line=2, From: subscribe, IPv_Type: ipv4, Location: 美国-加利福尼亚州-洛杉矶, ISP: IT7网络, Date: None, Delay: 86 ms, Speed: 11.74 M/s, Resolution: 1920x1080
Name: CCTV-10, URL: https://iptv.catvod.com/live.php?id=CCTV10&line=3, From: subscribe, IPv_Type: ipv4, Location: 美国-加利福尼亚州-洛杉矶, ISP: IT7网络, Date: None, Delay: 86 ms, Speed: 11.74 M/s, Resolution: 1920x1080
Name: CCTV-10, URL: https://iptv.catvod.com/live.php?id=CCTV10&line=4, From: subscribe, IPv_Type: ipv4, Location: 美国-加利福尼亚州-洛杉矶, ISP: IT7网络, Date: None, Delay: 86 ms, Speed: 11.74 M/s, Resolution: 1920x1080
Name: CCTV-10, URL: https://iptv.catvod.com/live.php?id=CCTV10&line=5, From: subscribe, IPv_Type: ipv4, Location: 美国-加利福尼亚州-洛杉矶, ISP: IT7网络, Date: None, Delay: 86 ms, Speed: 11.74 M/s, Resolution: 1920x1080
Name: CCTV-10, URL: https://iptv.catvod.com/live.php?id=CCTV10&line=6, From: subscribe, IPv_Type: ipv4, Location: 美国-加利福尼亚州-洛杉矶, ISP: IT7网络, Date: None, Delay: 86 ms, Speed: 11.74 M/s, Resolution: 1920x1080
Name: CCTV-10, URL: https://iptv.catvod.com/live.php?id=CCTV10&line=7, From: subscribe, IPv_Type: ipv4, Location: 美国-加利福尼亚州-洛杉矶, ISP: IT7网络, Date: None, Delay: 86 ms, Speed: 11.74 M/s, Resolution: 1920x1080
Name: CCTV-10, URL: https://iptv.catvod.com/live.php?id=CCTV10&line=8, From: subscribe, IPv_Type: ipv4, Location: 美国-加利福尼亚州-洛杉矶, ISP: IT7网络, Date: None, Delay: 86 ms, Speed: 11.74 M/s, Resolution: 1920x1080
Name: CCTV-10, URL: https://iptv.catvod.com/live.php?id=CCTV10&line=9, From: subscribe, IPv_Type: ipv4, Location: 美国-加利福尼亚州-洛杉矶, ISP: IT7网络, Date: None, Delay: 86 ms, Speed: 11.74 M/s, Resolution: 1920x1080
Name: CCTV-10, URL: https://iptv.catvod.com/live.php?id=CCTV10&line=10, From: subscribe, IPv_Type: ipv4, Location: 美国-加利福尼亚州-洛杉矶, ISP: IT7网络, Date: None, Delay: 86 ms, Speed: 11.74 M/s, Resolution: 1920x1080
Name: CCTV-10, URL: http://38.75.136.137:98/gslb/dsdqca/cctv10hd.m3u8?auth=test20251009, From: subscribe, IPv_Type: ipv4, Location: 美国-伊利诺伊州-库克, ISP: Cogent, Date: None, Delay: 468 ms, Speed: 9.46 M/s, Resolution: 1920x1080
Name: CCTV-10, URL: http://38.75.136.137:98/gslb/dsdqbv/cctv10hd.m3u8?auth=test20251009, From: subscribe, IPv_Type: ipv4, Location: 美国-伊利诺伊州-库克, ISP: Cogent, Date: None, Delay: 468 ms, Speed: 9.46 M/s, Resolution: 1920x1080
Name: CCTV-10, URL: http://38.75.136.137:98/gslb/dsdqpub/cctv10hd.m3u8?auth=testpub, From: subscribe, IPv_Type: ipv4, Location: 美国-伊利诺伊州-库克, ISP: Cogent, Date: None, Delay: 468 ms, Speed: 9.46 M/s, Resolution: 1920x1080
Name: CCTV-10, URL: http://23.237.228.134/live5/CCTV10.m3u8, From: subscribe, IPv_Type: ipv4, Location: 北美地区, ISP: , Date: None, Delay: 331 ms, Speed: 8.14 M/s, Resolution: 1920x1080
Name: CCTV-10, URL: http://www.freetv.top/migu/624878405.m3u8?migutoken=994dc87ce4767211215bbc02fa208301259959a2d995deb9996c41b650e244fc75c3d5bae41d623bed5ba96aa38c7ea483d856771c119f74e8bb93fb60dc8304e146d0bf46405e88554d84e414, From: subscribe, IPv_Type: ipv6, Location: 美国-加利福尼亚州-圣克拉拉, ISP: DigitalOcean, Date: None, Delay: 58 ms, Speed: 6.85 M/s, Resolution: 1920x1080
Name: CCTV-11, URL: https://iptv.catvod.com/live.php?id=cctv11, From: subscribe, IPv_Type: ipv6, Location: 美国, ISP: CloudFlare Inc., Date: None, Delay: 86 ms, Speed: 11.74 M/s, Resolution: 1920x1080
Name: CCTV-11, URL: https://iptv.catvod.com/live.php?id=CCTV-11%20%E6%88%8F%E6%9B%B2, From: subscribe, IPv_Type: ipv6, Location: 美国, ISP: CloudFlare Inc., Date: None, Delay: 86 ms, Speed: 11.74 M/s, Resolution: 1920x1080
Name: CCTV-11, URL: https://iptv.catvod.com/live.php?id=CCTV11, From: subscribe, IPv_Type: ipv6, Location: 美国, ISP: CloudFlare Inc., Date: None, Delay: 86 ms, Speed: 11.74 M/s, Resolution: 1920x1080
Name: CCTV-11, URL: https://iptv.catvod.com/live.php?id=CCTV-11, From: subscribe, IPv_Type: ipv6, Location: 美国, ISP: CloudFlare Inc., Date: None, Delay: 86 ms, Speed: 11.74 M/s, Resolution: 1920x1080
Name: CCTV-11, URL: https://iptv.catvod.com/live.php?id=CCTV11&line=1, From: subscribe, IPv_Type: ipv4, Location: 美国-加利福尼亚州-洛杉矶, ISP: IT7网络, Date: None, Delay: 86 ms, Speed: 11.74 M/s, Resolution: 1920x1080
Name: CCTV-11, URL: https://iptv.catvod.com/live.php?id=CCTV11&line=2, From: subscribe, IPv_Type: ipv4, Location: 美国-加利福尼亚州-洛杉矶, ISP: IT7网络, Date: None, Delay: 86 ms, Speed: 11.74 M/s, Resolution: 1920x1080
Name: CCTV-11, URL: https://iptv.catvod.com/live.php?id=CCTV11&line=3, From: subscribe, IPv_Type: ipv4, Location: 美国-加利福尼亚州-洛杉矶, ISP: IT7网络, Date: None, Delay: 86 ms, Speed: 11.74 M/s, Resolution: 1920x1080
Name: CCTV-11, URL: https://iptv.catvod.com/live.php?id=CCTV11&line=4, From: subscribe, IPv_Type: ipv4, Location: 美国-加利福尼亚州-洛杉矶, ISP: IT7网络, Date: None, Delay: 86 ms, Speed: 11.74 M/s, Resolution: 1920x1080
Name: CCTV-11, URL: https://iptv.catvod.com/live.php?id=CCTV11&line=5, From: subscribe, IPv_Type: ipv4, Location: 美国-加利福尼亚州-洛杉矶, ISP: IT7网络, Date: None, Delay: 86 ms, Speed: 11.74 M/s, Resolution: 1920x1080
Name: CCTV-11, URL: https://iptv.catvod.com/live.php?id=CCTV11&line=6, From: subscribe, IPv_Type: ipv4, Location: 美国-加利福尼亚州-洛杉矶, ISP: IT7网络, Date: None, Delay: 86 ms, Speed: 11.74 M/s, Resolution: 1920x1080
Name: CCTV-11, URL: https://iptv.catvod.com/live.php?id=CCTV11&line=7, From: subscribe, IPv_Type: ipv4, Location: 美国-加利福尼亚州-洛杉矶, ISP: IT7网络, Date: None, Delay: 86 ms, Speed: 11.74 M/s, Resolution: 1920x1080
Name: CCTV-11, URL: http://php.jdshipin.com/TVOD/hljyd.php?id=3221226565, From: subscribe, IPv_Type: ipv6, Location: 美国, ISP: CloudFlare Inc., Date: None, Delay: 828 ms, Speed: 9.85 M/s, Resolution: 1920x1080
Name: CCTV-11, URL: http://38.75.136.137:98/gslb/dsdqca/cctv11hd.m3u8?auth=test20251009, From: subscribe, IPv_Type: ipv4, Location: 美国-伊利诺伊州-库克, ISP: Cogent, Date: None, Delay: 468 ms, Speed: 9.46 M/s, Resolution: 1920x1080
Name: CCTV-11, URL: http://38.75.136.137:98/gslb/dsdqpub/cctv11hd.m3u8?auth=testpub, From: subscribe, IPv_Type: ipv4, Location: 美国-伊利诺伊州-库克, ISP: Cogent, Date: None, Delay: 468 ms, Speed: 9.46 M/s, Resolution: 1920x1080
Name: CCTV-11, URL: http://38.75.136.137:98/gslb/dsdqbv/cctv11hd.m3u8?auth=test20251009, From: subscribe, IPv_Type: ipv4, Location: 美国-伊利诺伊州-库克, ISP: Cogent, Date: None, Delay: 468 ms, Speed: 9.46 M/s, Resolution: 1920x1080
Name: CCTV-11, URL: http://www.freetv.top/migu/667987558.m3u8?migutoken=00a21f1483e571da068c555e3eea928f7c6183b26d7acc2afe9bb5e115f0005e02b6118176789d76765ae297bd6dfe4e14966e64415f0781535d91ed266aac177d6ff10fa6358e0eedddc2223b, From: subscribe, IPv_Type: ipv6, Location: 美国-加利福尼亚州-圣克拉拉, ISP: DigitalOcean, Date: None, Delay: 58 ms, Speed: 6.85 M/s, Resolution: 1920x1080
Name: CCTV-12, URL: https://iptv.catvod.com/live.php?id=cctv12, From: subscribe, IPv_Type: ipv6, Location: 美国, ISP: CloudFlare Inc., Date: None, Delay: 86 ms, Speed: 11.74 M/s, Resolution: 1920x1080
Name: CCTV-12, URL: https://iptv.catvod.com/live.php?id=CCTV12, From: subscribe, IPv_Type: ipv6, Location: 美国, ISP: CloudFlare Inc., Date: None, Delay: 86 ms, Speed: 11.74 M/s, Resolution: 1920x1080
Name: CCTV-12, URL: https://iptv.catvod.com/live.php?id=CCTV-12%20%E7%A4%BE%E4%BC%9A%E4%B8%8E%E6%B3%95, From: subscribe, IPv_Type: ipv6, Location: 美国, ISP: CloudFlare Inc., Date: None, Delay: 86 ms, Speed: 11.74 M/s, Resolution: 1920x1080
Name: CCTV-12, URL: https://iptv.catvod.com/live.php?id=CCTV-12, From: subscribe, IPv_Type: ipv6, Location: 美国, ISP: CloudFlare Inc., Date: None, Delay: 86 ms, Speed: 11.74 M/s, Resolution: 1920x1080
Name: CCTV-12, URL: https://iptv.catvod.com/live.php?id=CCTV12&line=1, From: subscribe, IPv_Type: ipv4, Location: 美国-加利福尼亚州-洛杉矶, ISP: IT7网络, Date: None, Delay: 86 ms, Speed: 11.74 M/s, Resolution: 1920x1080
Name: CCTV-12, URL: https://iptv.catvod.com/live.php?id=CCTV12&line=2, From: subscribe, IPv_Type: ipv4, Location: 美国-加利福尼亚州-洛杉矶, ISP: IT7网络, Date: None, Delay: 86 ms, Speed: 11.74 M/s, Resolution: 1920x1080
Name: CCTV-12, URL: https://iptv.catvod.com/live.php?id=CCTV12&line=3, From: subscribe, IPv_Type: ipv4, Location: 美国-加利福尼亚州-洛杉矶, ISP: IT7网络, Date: None, Delay: 86 ms, Speed: 11.74 M/s, Resolution: 1920x1080
Name: CCTV-12, URL: https://iptv.catvod.com/live.php?id=CCTV12&line=4, From: subscribe, IPv_Type: ipv4, Location: 美国-加利福尼亚州-洛杉矶, ISP: IT7网络, Date: None, Delay: 86 ms, Speed: 11.74 M/s, Resolution: 1920x1080
Name: CCTV-12, URL: https://iptv.catvod.com/live.php?id=CCTV12&line=5, From: subscribe, IPv_Type: ipv4, Location: 美国-加利福尼亚州-洛杉矶, ISP: IT7网络, Date: None, Delay: 86 ms, Speed: 11.74 M/s, Resolution: 1920x1080
Name: CCTV-12, URL: https://iptv.catvod.com/live.php?id=CCTV12&line=6, From: subscribe, IPv_Type: ipv4, Location: 美国-加利福尼亚州-洛杉矶, ISP: IT7网络, Date: None, Delay: 86 ms, Speed: 11.74 M/s, Resolution: 1920x1080
Name: CCTV-12, URL: https://iptv.catvod.com/live.php?id=CCTV12&line=7, From: subscribe, IPv_Type: ipv4, Location: 美国-加利福尼亚州-洛杉矶, ISP: IT7网络, Date: None, Delay: 86 ms, Speed: 11.74 M/s, Resolution: 1920x1080
Name: CCTV-12, URL: https://iptv.catvod.com/live.php?id=CCTV12&line=8, From: subscribe, IPv_Type: ipv4, Location: 美国-加利福尼亚州-洛杉矶, ISP: IT7网络, Date: None, Delay: 86 ms, Speed: 11.74 M/s, Resolution: 1920x1080
Name: CCTV-12, URL: http://php.jdshipin.com/TVOD/hljyd.php?id=3221225731, From: subscribe, IPv_Type: ipv6, Location: 美国, ISP: CloudFlare Inc., Date: None, Delay: 828 ms, Speed: 9.85 M/s, Resolution: 1920x1080
Name: CCTV-12, URL: http://38.75.136.137:98/gslb/dsdqca/cctv12hd.m3u8?auth=test20251009, From: subscribe, IPv_Type: ipv4, Location: 美国-伊利诺伊州-库克, ISP: Cogent, Date: None, Delay: 468 ms, Speed: 9.46 M/s, Resolution: 1920x1080
Name: CCTV-12, URL: http://38.75.136.137:98/gslb/dsdqbv/cctv12hd.m3u8?auth=test20251009, From: subscribe, IPv_Type: ipv4, Location: 美国-伊利诺伊州-库克, ISP: Cogent, Date: None, Delay: 468 ms, Speed: 9.46 M/s, Resolution: 1920x1080
Name: CCTV-12, URL: http://23.237.228.134/live3/CCTV12.m3u8, From: subscribe, IPv_Type: ipv4, Location: 北美地区, ISP: , Date: None, Delay: 331 ms, Speed: 8.14 M/s, Resolution: 1920x1080
Name: CCTV-12, URL: http://www.freetv.top/migu/673168185.m3u8?migutoken=21a3954b28c73a4240272889ec94c3318c23068f666c79e61379cb154a890e4e7e3c998a578b29a381972f128751898531cb713221ff95385afec91149321ad772e31489fa01e553c8223e976a, From: subscribe, IPv_Type: ipv6, Location: 美国-加利福尼亚州-圣克拉拉, ISP: DigitalOcean, Date: None, Delay: 58 ms, Speed: 6.85 M/s, Resolution: 1920x1080
Name: CCTV-12, URL: http://69.30.246.194/live/cctv12.m3u8, From: subscribe, IPv_Type: ipv4, Location: 美国-密苏里州-杰克逊县, ISP: WholeSale互联网股份有限公司, Date: None, Delay: 2054 ms, Speed: 3.65 M/s, Resolution: 1920x1080
Name: CCTV-12, URL: http://69.30.246.194/live/cctv12.m3u8, From: subscribe, IPv_Type: ipv4, Location: 美国-密苏里州-杰克逊县, ISP: WholeSale互联网股份有限公司, Date: None, Delay: 2054 ms, Speed: 3.65 M/s, Resolution: 1920x1080
Name: CCTV-13, URL: https://cdn3.163189.xyz/163189/cctv13, From: subscribe, IPv_Type: ipv6, Location: 美国, ISP: CloudFlare Inc., Date: None, Delay: 105 ms, Speed: 31.46 M/s, Resolution: 1920x1080
Name: CCTV-13, URL: https://cdn3.163189.xyz/163189/cctv13, From: subscribe, IPv_Type: ipv6, Location: 美国, ISP: CloudFlare Inc., Date: None, Delay: 105 ms, Speed: 31.46 M/s, Resolution: 1920x1080
Name: CCTV-13, URL: https://iptv.catvod.com/live.php?id=cctv13, From: subscribe, IPv_Type: ipv6, Location: 美国, ISP: CloudFlare Inc., Date: None, Delay: 86 ms, Speed: 11.74 M/s, Resolution: 1920x1080
Name: CCTV-13, URL: https://iptv.catvod.com/live.php?id=CCTV13, From: subscribe, IPv_Type: ipv6, Location: 美国, ISP: CloudFlare Inc., Date: None, Delay: 86 ms, Speed: 11.74 M/s, Resolution: 1920x1080
Name: CCTV-13, URL: https://iptv.catvod.com/live.php?id=CCTV-13%20%E6%96%B0%E9%97%BB, From: subscribe, IPv_Type: ipv6, Location: 美国, ISP: CloudFlare Inc., Date: None, Delay: 86 ms, Speed: 11.74 M/s, Resolution: 1920x1080
Name: CCTV-13, URL: https://iptv.catvod.com/live.php?id=CCTV-13, From: subscribe, IPv_Type: ipv6, Location: 美国, ISP: CloudFlare Inc., Date: None, Delay: 86 ms, Speed: 11.74 M/s, Resolution: 1920x1080
Name: CCTV-13, URL: https://iptv.catvod.com/live.php?id=CCTV13&line=1, From: subscribe, IPv_Type: ipv4, Location: 美国-加利福尼亚州-洛杉矶, ISP: IT7网络, Date: None, Delay: 86 ms, Speed: 11.74 M/s, Resolution: 1920x1080
Name: CCTV-13, URL: https://iptv.catvod.com/live.php?id=CCTV13&line=2, From: subscribe, IPv_Type: ipv4, Location: 美国-加利福尼亚州-洛杉矶, ISP: IT7网络, Date: None, Delay: 86 ms, Speed: 11.74 M/s, Resolution: 1920x1080
Name: CCTV-13, URL: https://iptv.catvod.com/live.php?id=CCTV13&line=3, From: subscribe, IPv_Type: ipv4, Location: 美国-加利福尼亚州-洛杉矶, ISP: IT7网络, Date: None, Delay: 86 ms, Speed: 11.74 M/s, Resolution: 1920x1080
Name: CCTV-13, URL: https://iptv.catvod.com/live.php?id=CCTV13&line=4, From: subscribe, IPv_Type: ipv4, Location: 美国-加利福尼亚州-洛杉矶, ISP: IT7网络, Date: None, Delay: 86 ms, Speed: 11.74 M/s, Resolution: 1920x1080
Name: CCTV-13, URL: https://iptv.catvod.com/live.php?id=CCTV13&line=5, From: subscribe, IPv_Type: ipv4, Location: 美国-加利福尼亚州-洛杉矶, ISP: IT7网络, Date: None, Delay: 86 ms, Speed: 11.74 M/s, Resolution: 1920x1080
Name: CCTV-13, URL: https://iptv.catvod.com/live.php?id=CCTV13&line=6, From: subscribe, IPv_Type: ipv4, Location: 美国-加利福尼亚州-洛杉矶, ISP: IT7网络, Date: None, Delay: 86 ms, Speed: 11.74 M/s, Resolution: 1920x1080
Name: CCTV-13, URL: https://iptv.catvod.com/live.php?id=CCTV13&line=7, From: subscribe, IPv_Type: ipv4, Location: 美国-加利福尼亚州-洛杉矶, ISP: IT7网络, Date: None, Delay: 86 ms, Speed: 11.74 M/s, Resolution: 1920x1080
Name: CCTV-13, URL: https://iptv.catvod.com/live.php?id=CCTV13&line=8, From: subscribe, IPv_Type: ipv4, Location: 美国-加利福尼亚州-洛杉矶, ISP: IT7网络, Date: None, Delay: 86 ms, Speed: 11.74 M/s, Resolution: 1920x1080
Name: CCTV-13, URL: https://iptv.catvod.com/live.php?id=CCTV13&line=9, From: subscribe, IPv_Type: ipv4, Location: 美国-加利福尼亚州-洛杉矶, ISP: IT7网络, Date: None, Delay: 86 ms, Speed: 11.74 M/s, Resolution: 1920x1080
Name: CCTV-13, URL: https://iptv.catvod.com/live.php?id=CCTV13&line=10, From: subscribe, IPv_Type: ipv4, Location: 美国-加利福尼亚州-洛杉矶, ISP: IT7网络, Date: None, Delay: 86 ms, Speed: 11.74 M/s, Resolution: 1920x1080
Name: CCTV-13, URL: https://iptv.catvod.com/live.php?id=CCTV13&line=11, From: subscribe, IPv_Type: ipv4, Location: 美国-加利福尼亚州-洛杉矶, ISP: IT7网络, Date: None, Delay: 86 ms, Speed: 11.74 M/s, Resolution: 1920x1080
Name: CCTV-13, URL: https://iptv.catvod.com/live.php?id=CCTV13&line=12, From: subscribe, IPv_Type: ipv4, Location: 美国-加利福尼亚州-洛杉矶, ISP: IT7网络, Date: None, Delay: 86 ms, Speed: 11.74 M/s, Resolution: 1920x1080
Name: CCTV-13, URL: https://iptv.catvod.com/live.php?id=CCTV13&line=13, From: subscribe, IPv_Type: ipv4, Location: 美国-加利福尼亚州-洛杉矶, ISP: IT7网络, Date: None, Delay: 86 ms, Speed: 11.74 M/s, Resolution: 1920x1080
Name: CCTV-13, URL: https://iptv.catvod.com/live.php?id=CCTV13&line=14, From: subscribe, IPv_Type: ipv4, Location: 美国-加利福尼亚州-洛杉矶, ISP: IT7网络, Date: None, Delay: 86 ms, Speed: 11.74 M/s, Resolution: 1920x1080
Name: CCTV-13, URL: https://iptv.catvod.com/live.php?id=CCTV13&line=15, From: subscribe, IPv_Type: ipv4, Location: 美国-加利福尼亚州-洛杉矶, ISP: IT7网络, Date: None, Delay: 86 ms, Speed: 11.74 M/s, Resolution: 1920x1080
Name: CCTV-13, URL: http://38.75.136.137:98/gslb/dsdqpub/cctv13hd.m3u8?auth=testpub, From: subscribe, IPv_Type: ipv4, Location: 美国-伊利诺伊州-库克, ISP: Cogent, Date: None, Delay: 468 ms, Speed: 9.46 M/s, Resolution: 1920x1080
Name: CCTV-13, URL: http://38.75.136.137:98/gslb/dsdqca/cctv13hd.m3u8?auth=test20251009, From: subscribe, IPv_Type: ipv4, Location: 美国-伊利诺伊州-库克, ISP: Cogent, Date: None, Delay: 468 ms, Speed: 9.46 M/s, Resolution: 1920x1080
Name: CCTV-13, URL: http://38.75.136.137:98/gslb/dsdqbv/cctv13hd.m3u8?auth=test20251009, From: subscribe, IPv_Type: ipv4, Location: 美国-伊利诺伊州-库克, ISP: Cogent, Date: None, Delay: 468 ms, Speed: 9.46 M/s, Resolution: 1920x1080
Name: CCTV-13, URL: http://www.freetv.top/migu/608807423.m3u8?migutoken=d8e7d5104925c13570533f5db2f808b4613be4d2901d3d406a67fca92ee219bc3692dff97d63d38123fde519465b77404b0a2c0c59bec5e83ad2be42019845acc7e59290159021d585352689cc, From: subscribe, IPv_Type: ipv6, Location: 美国-加利福尼亚州-圣克拉拉, ISP: DigitalOcean, Date: None, Delay: 58 ms, Speed: 6.85 M/s, Resolution: 1920x1080
Name: CCTV-13, URL: https://event.pull.hebtv.com/jishi/cp1.m3u8, From: subscribe, IPv_Type: ipv6, Location: 中国, ISP: 中国电信, Date: None, Delay: 2174 ms, Speed: 1.44 M/s, Resolution: 1920x1080
Name: CCTV-13, URL: https://event.pull.hebtv.com/jishi/cp1.m3u8, From: subscribe, IPv_Type: ipv6, Location: 中国, ISP: 中国电信, Date: None, Delay: 2174 ms, Speed: 1.44 M/s, Resolution: 1920x1080
Name: CCTV-13, URL: http://ali-m-l.cztv.com/channels/lantian/channel21/1080p.m3u8, From: subscribe, IPv_Type: ipv6, Location: 中国-广西-防城港, ISP: 电信, Date: None, Delay: 2120 ms, Speed: 1.03 M/s, Resolution: 1920x1080
Name: CCTV-13, URL: http://ali-m-l.cztv.com/channels/lantian/channel21/1080p.m3u8, From: subscribe, IPv_Type: ipv6, Location: 中国-广西-防城港, ISP: 电信, Date: None, Delay: 2120 ms, Speed: 1.03 M/s, Resolution: 1920x1080
Name: CCTV-13, URL: https://epg.pw/stream/5d3d047c64e44d0a24dc33e5700e579457201d2960036b43819bd930a0bb76a7.m3u8, From: subscribe, IPv_Type: ipv6, Location: 美国, ISP: CloudFlare Inc., Date: None, Delay: 1197 ms, Speed: 0.55 M/s, Resolution: 1920x1080
Name: CCTV-13, URL: https://epg.pw/stream/5d3d047c64e44d0a24dc33e5700e579457201d2960036b43819bd930a0bb76a7.m3u8, From: subscribe, IPv_Type: ipv6, Location: 美国, ISP: CloudFlare Inc., Date: None, Delay: 1197 ms, Speed: 0.55 M/s, Resolution: 1920x1080
Name: CCTV-14, URL: https://iptv.catvod.com/live.php?id=cctv14, From: subscribe, IPv_Type: ipv6, Location: 美国, ISP: CloudFlare Inc., Date: None, Delay: 86 ms, Speed: 11.74 M/s, Resolution: 1920x1080
Name: CCTV-14, URL: https://iptv.catvod.com/live.php?id=CCTV14, From: subscribe, IPv_Type: ipv6, Location: 美国, ISP: CloudFlare Inc., Date: None, Delay: 86 ms, Speed: 11.74 M/s, Resolution: 1920x1080
Name: CCTV-14, URL: https://iptv.catvod.com/live.php?id=CCTV-14%20%E5%B0%91%E5%84%BF, From: subscribe, IPv_Type: ipv6, Location: 美国, ISP: CloudFlare Inc., Date: None, Delay: 86 ms, Speed: 11.74 M/s, Resolution: 1920x1080
Name: CCTV-14, URL: https://iptv.catvod.com/live.php?id=CCTV-14, From: subscribe, IPv_Type: ipv6, Location: 美国, ISP: CloudFlare Inc., Date: None, Delay: 86 ms, Speed: 11.74 M/s, Resolution: 1920x1080
Name: CCTV-14, URL: https://iptv.catvod.com/live.php?id=CCTV14&line=1, From: subscribe, IPv_Type: ipv4, Location: 美国-加利福尼亚州-洛杉矶, ISP: IT7网络, Date: None, Delay: 86 ms, Speed: 11.74 M/s, Resolution: 1920x1080
Name: CCTV-14, URL: https://iptv.catvod.com/live.php?id=CCTV14&line=2, From: subscribe, IPv_Type: ipv4, Location: 美国-加利福尼亚州-洛杉矶, ISP: IT7网络, Date: None, Delay: 86 ms, Speed: 11.74 M/s, Resolution: 1920x1080
Name: CCTV-14, URL: https://iptv.catvod.com/live.php?id=CCTV14&line=3, From: subscribe, IPv_Type: ipv4, Location: 美国-加利福尼亚州-洛杉矶, ISP: IT7网络, Date: None, Delay: 86 ms, Speed: 11.74 M/s, Resolution: 1920x1080
Name: CCTV-14, URL: https://iptv.catvod.com/live.php?id=CCTV14&line=4, From: subscribe, IPv_Type: ipv4, Location: 美国-加利福尼亚州-洛杉矶, ISP: IT7网络, Date: None, Delay: 86 ms, Speed: 11.74 M/s, Resolution: 1920x1080
Name: CCTV-14, URL: https://iptv.catvod.com/live.php?id=CCTV14&line=5, From: subscribe, IPv_Type: ipv4, Location: 美国-加利福尼亚州-洛杉矶, ISP: IT7网络, Date: None, Delay: 86 ms, Speed: 11.74 M/s, Resolution: 1920x1080
Name: CCTV-14, URL: https://iptv.catvod.com/live.php?id=CCTV14&line=6, From: subscribe, IPv_Type: ipv4, Location: 美国-加利福尼亚州-洛杉矶, ISP: IT7网络, Date: None, Delay: 86 ms, Speed: 11.74 M/s, Resolution: 1920x1080
Name: CCTV-14, URL: http://php.jdshipin.com/TVOD/hljyd.php?id=3221225732, From: subscribe, IPv_Type: ipv6, Location: 美国, ISP: CloudFlare Inc., Date: None, Delay: 828 ms, Speed: 9.85 M/s, Resolution: 1920x1080
Name: CCTV-14, URL: http://38.75.136.137:98/gslb/dsdqca/chcdzdyhd.m3u8?auth=test20251009, From: subscribe, IPv_Type: ipv4, Location: 美国-伊利诺伊州-库克, ISP: Cogent, Date: None, Delay: 468 ms, Speed: 9.46 M/s, Resolution: 1920x1080
Name: CCTV-14, URL: http://38.75.136.137:98/gslb/dsdqca/cctv14hd.m3u8?auth=test20251009, From: subscribe, IPv_Type: ipv4, Location: 美国-伊利诺伊州-库克, ISP: Cogent, Date: None, Delay: 468 ms, Speed: 9.46 M/s, Resolution: 1920x1080
Name: CCTV-14, URL: http://38.75.136.137:98/gslb/dsdqbv/cctv14hd.m3u8?auth=test20251009, From: subscribe, IPv_Type: ipv4, Location: 美国-伊利诺伊州-库克, ISP: Cogent, Date: None, Delay: 468 ms, Speed: 9.46 M/s, Resolution: 1920x1080
Name: CCTV-14, URL: http://38.75.136.137:98/gslb/dsdqpub/cctv14hd.m3u8?auth=testpub, From: subscribe, IPv_Type: ipv4, Location: 美国-伊利诺伊州-库克, ISP: Cogent, Date: None, Delay: 468 ms, Speed: 9.46 M/s, Resolution: 1920x1080
Name: CCTV-14, URL: http://23.237.228.134/live3/CCTV14.m3u8, From: subscribe, IPv_Type: ipv4, Location: 北美地区, ISP: , Date: None, Delay: 331 ms, Speed: 8.14 M/s, Resolution: 1920x1080
Name: CCTV-14, URL: http://www.freetv.top/migu/624878440.m3u8?migutoken=303d044cf07163e1e2e8e4ecc8b6696ed836301cf573b626d3c00ec50cd362cc5e6a93afc2fd102cb883155554597d14eaa697edc9b0a30e56fc0115f81d8fbb8b87129e5bedad7d2173178f03, From: subscribe, IPv_Type: ipv6, Location: 美国-加利福尼亚州-圣克拉拉, ISP: DigitalOcean, Date: None, Delay: 58 ms, Speed: 6.85 M/s, Resolution: 1920x1080
Name: CCTV-14, URL: http://69.30.246.194/live/cctv14.m3u8, From: subscribe, IPv_Type: ipv4, Location: 美国-密苏里州-杰克逊县, ISP: WholeSale互联网股份有限公司, Date: None, Delay: 2054 ms, Speed: 3.65 M/s, Resolution: 1920x1080
Name: CCTV-14, URL: https://event.pull.hebtv.com/jishi/cp2.m3u8#rtsp://103.251.96.71/PLTV/88888888/224/3221225783/10000100000000060000000000726027_0.smil?icpid=SSPID&amp;accounttype=1&amp;limitflux=-1&amp;limitdur=-1&amp;accountinfo=:20240213104135, From: subscribe, IPv_Type: ipv6, Location: 中国, ISP: 中国电信, Date: None, Delay: 2174 ms, Speed: 1.44 M/s, Resolution: 1920x1080
Name: CCTV-14, URL: https://event.pull.hebtv.com/jishi/cp2.m3u8, From: subscribe, IPv_Type: ipv6, Location: 中国, ISP: 中国电信, Date: None, Delay: 2174 ms, Speed: 1.44 M/s, Resolution: 1920x1080
Name: CCTV-14, URL: https://event.pull.hebtv.com/jishi/cp2.m3u8#rtsp://103.251.96.71/PLTV/88888888/224/3221225783/10000100000000060000000000726027_0.smil?icpid=SSPID&accounttype=1&limitflux=-1&limitdur=-1&accountinfo=:20240213104135, From: subscribe, IPv_Type: ipv6, Location: 中国, ISP: 中国电信, Date: None, Delay: 2174 ms, Speed: 1.44 M/s, Resolution: 1920x1080
Name: CCTV-15, URL: https://iptv.catvod.com/live.php?id=cctv15, From: subscribe, IPv_Type: ipv6, Location: 美国, ISP: CloudFlare Inc., Date: None, Delay: 86 ms, Speed: 11.74 M/s, Resolution: 1920x1080
Name: CCTV-15, URL: https://iptv.catvod.com/live.php?id=CCTV15, From: subscribe, IPv_Type: ipv6, Location: 美国, ISP: CloudFlare Inc., Date: None, Delay: 86 ms, Speed: 11.74 M/s, Resolution: 1920x1080
Name: CCTV-15, URL: https://iptv.catvod.com/live.php?id=CCTV-15%20%E9%9F%B3%E4%B9%90, From: subscribe, IPv_Type: ipv6, Location: 美国, ISP: CloudFlare Inc., Date: None, Delay: 86 ms, Speed: 11.74 M/s, Resolution: 1920x1080
Name: CCTV-15, URL: https://iptv.catvod.com/live.php?id=CCTV-15, From: subscribe, IPv_Type: ipv6, Location: 美国, ISP: CloudFlare Inc., Date: None, Delay: 86 ms, Speed: 11.74 M/s, Resolution: 1920x1080
Name: CCTV-15, URL: https://iptv.catvod.com/live.php?id=CCTV15&line=1, From: subscribe, IPv_Type: ipv4, Location: 美国-加利福尼亚州-洛杉矶, ISP: IT7网络, Date: None, Delay: 86 ms, Speed: 11.74 M/s, Resolution: 1920x1080
Name: CCTV-15, URL: https://iptv.catvod.com/live.php?id=CCTV15&line=2, From: subscribe, IPv_Type: ipv4, Location: 美国-加利福尼亚州-洛杉矶, ISP: IT7网络, Date: None, Delay: 86 ms, Speed: 11.74 M/s, Resolution: 1920x1080
Name: CCTV-15, URL: https://iptv.catvod.com/live.php?id=CCTV15&line=3, From: subscribe, IPv_Type: ipv4, Location: 美国-加利福尼亚州-洛杉矶, ISP: IT7网络, Date: None, Delay: 86 ms, Speed: 11.74 M/s, Resolution: 1920x1080
Name: CCTV-15, URL: https://iptv.catvod.com/live.php?id=CCTV15&line=4, From: subscribe, IPv_Type: ipv4, Location: 美国-加利福尼亚州-洛杉矶, ISP: IT7网络, Date: None, Delay: 86 ms, Speed: 11.74 M/s, Resolution: 1920x1080
Name: CCTV-15, URL: https://iptv.catvod.com/live.php?id=CCTV15&line=5, From: subscribe, IPv_Type: ipv4, Location: 美国-加利福尼亚州-洛杉矶, ISP: IT7网络, Date: None, Delay: 86 ms, Speed: 11.74 M/s, Resolution: 1920x1080
Name: CCTV-15, URL: http://38.75.136.137:98/gslb/dsdqca/cctv15hd.m3u8?auth=test20251009, From: subscribe, IPv_Type: ipv4, Location: 美国-伊利诺伊州-库克, ISP: Cogent, Date: None, Delay: 468 ms, Speed: 9.46 M/s, Resolution: 1920x1080
Name: CCTV-15, URL: http://38.75.136.137:98/gslb/dsdqca/chcymdyhd.m3u8?auth=test20251009, From: subscribe, IPv_Type: ipv4, Location: 美国-伊利诺伊州-库克, ISP: Cogent, Date: None, Delay: 468 ms, Speed: 9.46 M/s, Resolution: 1920x1080
Name: CCTV-15, URL: http://38.75.136.137:98/gslb/dsdqca/jxwshd.m3u8?auth=test20251009, From: subscribe, IPv_Type: ipv4, Location: 美国-伊利诺伊州-库克, ISP: Cogent, Date: None, Delay: 468 ms, Speed: 9.46 M/s, Resolution: 1920x1080
Name: CCTV-15, URL: http://38.75.136.137:98/gslb/dsdqbv/cctv15hd.m3u8?auth=test20251009, From: subscribe, IPv_Type: ipv4, Location: 美国-伊利诺伊州-库克, ISP: Cogent, Date: None, Delay: 468 ms, Speed: 9.46 M/s, Resolution: 1920x1080
Name: CCTV-15, URL: http://38.75.136.137:98/gslb/dsdqpub/cctv15hd.m3u8?auth=testpub, From: subscribe, IPv_Type: ipv4, Location: 美国-伊利诺伊州-库克, ISP: Cogent, Date: None, Delay: 468 ms, Speed: 9.46 M/s, Resolution: 1920x1080
Name: CCTV-15, URL: http://23.237.228.134/live3/CCTV15.m3u8, From: subscribe, IPv_Type: ipv4, Location: 北美地区, ISP: , Date: None, Delay: 331 ms, Speed: 8.14 M/s, Resolution: 1920x1080
Name: CCTV-15, URL: http://www.freetv.top/migu/673168223.m3u8?migutoken=81268e3d4f684bb5f7e3f9be9524d419c9c649ab0f8f8d3416c7e7535e0b219459b129f4be677a98cf66de546e2d7a78ebe50703d98eb67703adee341cd46d7d39c14bfc907da3a20534d07396, From: subscribe, IPv_Type: ipv6, Location: 美国-加利福尼亚州-圣克拉拉, ISP: DigitalOcean, Date: None, Delay: 58 ms, Speed: 6.85 M/s, Resolution: 1920x1080
Name: CCTV-15, URL: http://69.30.246.194/live/cctv15.m3u8, From: subscribe, IPv_Type: ipv4, Location: 美国-密苏里州-杰克逊县, ISP: WholeSale互联网股份有限公司, Date: None, Delay: 2054 ms, Speed: 3.65 M/s, Resolution: 1920x1080
Name: CCTV-16, URL: https://iptv.catvod.com/live.php?id=CCTV16, From: subscribe, IPv_Type: ipv6, Location: 美国, ISP: CloudFlare Inc., Date: None, Delay: 86 ms, Speed: 11.74 M/s, Resolution: 1920x1080
Name: CCTV-16, URL: https://iptv.catvod.com/live.php?id=CCTV16-4k, From: subscribe, IPv_Type: ipv6, Location: 美国, ISP: CloudFlare Inc., Date: None, Delay: 86 ms, Speed: 11.74 M/s, Resolution: 1920x1080
Name: CCTV-16, URL: https://iptv.catvod.com/live.php?id=CCTV-16, From: subscribe, IPv_Type: ipv6, Location: 美国, ISP: CloudFlare Inc., Date: None, Delay: 86 ms, Speed: 11.74 M/s, Resolution: 1920x1080
Name: CCTV-16, URL: https://iptv.catvod.com/live.php?id=CCTV16&line=1, From: subscribe, IPv_Type: ipv4, Location: 美国-加利福尼亚州-洛杉矶, ISP: IT7网络, Date: None, Delay: 86 ms, Speed: 11.74 M/s, Resolution: 1920x1080
Name: CCTV-16, URL: https://iptv.catvod.com/live.php?id=CCTV16&line=2, From: subscribe, IPv_Type: ipv4, Location: 美国-加利福尼亚州-洛杉矶, ISP: IT7网络, Date: None, Delay: 86 ms, Speed: 11.74 M/s, Resolution: 1920x1080
Name: CCTV-16, URL: http://php.jdshipin.com/TVOD/hljyd.php?id=3221226100, From: subscribe, IPv_Type: ipv6, Location: 美国, ISP: CloudFlare Inc., Date: None, Delay: 828 ms, Speed: 9.85 M/s, Resolution: 1920x1080
Name: CCTV-16, URL: http://38.75.136.137:98/gslb/dsdqca/chcjtyyhd.m3u8?auth=test20251009, From: subscribe, IPv_Type: ipv4, Location: 美国-伊利诺伊州-库克, ISP: Cogent, Date: None, Delay: 468 ms, Speed: 9.46 M/s, Resolution: 1920x1080
Name: CCTV-16, URL: http://38.75.136.137:98/gslb/dsdqca/cctv16hd.m3u8?auth=test20251009, From: subscribe, IPv_Type: ipv4, Location: 美国-伊利诺伊州-库克, ISP: Cogent, Date: None, Delay: 468 ms, Speed: 9.46 M/s, Resolution: 1920x1080
Name: CCTV-16, URL: http://38.75.136.137:98/gslb/dsdqbv/cctv16hd.m3u8?auth=test20251009, From: subscribe, IPv_Type: ipv4, Location: 美国-伊利诺伊州-库克, ISP: Cogent, Date: None, Delay: 468 ms, Speed: 9.46 M/s, Resolution: 1920x1080
Name: CCTV-16, URL: http://38.75.136.137:98/gslb/dsdqpub/cctv16hd.m3u8?auth=testpub, From: subscribe, IPv_Type: ipv4, Location: 美国-伊利诺伊州-库克, ISP: Cogent, Date: None, Delay: 468 ms, Speed: 9.46 M/s, Resolution: 1920x1080
Name: CCTV-16, URL: http://69.30.246.194/live/cctv16.m3u8, From: subscribe, IPv_Type: ipv4, Location: 美国-密苏里州-杰克逊县, ISP: WholeSale互联网股份有限公司, Date: None, Delay: 2054 ms, Speed: 3.65 M/s, Resolution: 1920x1080
Name: CCTV-16, URL: https://epg.pw/stream/c1beb2abcba5aef09c2f58efc3ca84b76de2c7b9cf60762b0d79772d9e70d454.m3u8, From: subscribe, IPv_Type: ipv6, Location: 美国, ISP: CloudFlare Inc., Date: None, Delay: 1197 ms, Speed: 0.55 M/s, Resolution: 1920x1080
Name: CCTV-16, URL: http://74.91.26.218:82/live/cctv16hd.m3u8, From: subscribe, IPv_Type: ipv4, Location: 美国, ISP: , Date: None, Delay: 12065 ms, Speed: 0.48 M/s, Resolution: 1920x1080
Name: CCTV-16, URL: http://74.91.26.218:82/live/cctv16hd.m3u8, From: subscribe, IPv_Type: ipv4, Location: 美国, ISP: , Date: None, Delay: 12065 ms, Speed: 0.48 M/s, Resolution: 1920x1080
Name: CCTV-17, URL: https://iptv.catvod.com/live.php?id=cctv17, From: subscribe, IPv_Type: ipv6, Location: 美国, ISP: CloudFlare Inc., Date: None, Delay: 86 ms, Speed: 11.74 M/s, Resolution: 1920x1080
Name: CCTV-17, URL: https://iptv.catvod.com/live.php?id=CCTV17, From: subscribe, IPv_Type: ipv6, Location: 美国, ISP: CloudFlare Inc., Date: None, Delay: 86 ms, Speed: 11.74 M/s, Resolution: 1920x1080
Name: CCTV-17, URL: https://iptv.catvod.com/live.php?id=CCTV-17%20%E5%86%9C%E4%B8%9A%E5%86%9C%E6%9D%91, From: subscribe, IPv_Type: ipv6, Location: 美国, ISP: CloudFlare Inc., Date: None, Delay: 86 ms, Speed: 11.74 M/s, Resolution: 1920x1080
Name: CCTV-17, URL: https://iptv.catvod.com/live.php?id=CCTV-17, From: subscribe, IPv_Type: ipv6, Location: 美国, ISP: CloudFlare Inc., Date: None, Delay: 86 ms, Speed: 11.74 M/s, Resolution: 1920x1080
Name: CCTV-17, URL: https://iptv.catvod.com/live.php?id=CCTV17&line=1, From: subscribe, IPv_Type: ipv4, Location: 美国-加利福尼亚州-洛杉矶, ISP: IT7网络, Date: None, Delay: 86 ms, Speed: 11.74 M/s, Resolution: 1920x1080
Name: CCTV-17, URL: https://iptv.catvod.com/live.php?id=CCTV17&line=2, From: subscribe, IPv_Type: ipv4, Location: 美国-加利福尼亚州-洛杉矶, ISP: IT7网络, Date: None, Delay: 86 ms, Speed: 11.74 M/s, Resolution: 1920x1080
Name: CCTV-17, URL: https://iptv.catvod.com/live.php?id=CCTV17&line=3, From: subscribe, IPv_Type: ipv4, Location: 美国-加利福尼亚州-洛杉矶, ISP: IT7网络, Date: None, Delay: 86 ms, Speed: 11.74 M/s, Resolution: 1920x1080
Name: CCTV-17, URL: https://iptv.catvod.com/live.php?id=CCTV17&line=4, From: subscribe, IPv_Type: ipv4, Location: 美国-加利福尼亚州-洛杉矶, ISP: IT7网络, Date: None, Delay: 86 ms, Speed: 11.74 M/s, Resolution: 1920x1080
Name: CCTV-17, URL: https://iptv.catvod.com/live.php?id=CCTV17&line=5, From: subscribe, IPv_Type: ipv4, Location: 美国-加利福尼亚州-洛杉矶, ISP: IT7网络, Date: None, Delay: 86 ms, Speed: 11.74 M/s, Resolution: 1920x1080
Name: CCTV-17, URL: https://iptv.catvod.com/live.php?id=CCTV17&line=6, From: subscribe, IPv_Type: ipv4, Location: 美国-加利福尼亚州-洛杉矶, ISP: IT7网络, Date: None, Delay: 86 ms, Speed: 11.74 M/s, Resolution: 1920x1080
Name: CCTV-17, URL: https://iptv.catvod.com/live.php?id=CCTV17&line=7, From: subscribe, IPv_Type: ipv4, Location: 美国-加利福尼亚州-洛杉矶, ISP: IT7网络, Date: None, Delay: 86 ms, Speed: 11.74 M/s, Resolution: 1920x1080
Name: CCTV-17, URL: http://php.jdshipin.com/TVOD/hljyd.php?id=3221225765, From: subscribe, IPv_Type: ipv6, Location: 美国, ISP: CloudFlare Inc., Date: None, Delay: 828 ms, Speed: 9.85 M/s, Resolution: 1920x1080
Name: CCTV-17, URL: http://38.75.136.137:98/gslb/dsdqbv/cctv17hd.m3u8?auth=test20251009, From: subscribe, IPv_Type: ipv4, Location: 美国-伊利诺伊州-库克, ISP: Cogent, Date: None, Delay: 468 ms, Speed: 9.46 M/s, Resolution: 1920x1080
Name: CCTV-17, URL: http://38.75.136.137:98/gslb/dsdqpub/cctv17hd.m3u8?auth=testpub, From: subscribe, IPv_Type: ipv4, Location: 美国-伊利诺伊州-库克, ISP: Cogent, Date: None, Delay: 468 ms, Speed: 9.46 M/s, Resolution: 1920x1080
Name: CCTV-17, URL: http://38.75.136.137:98/gslb/dsdqca/cctv17hd.m3u8?auth=test20251009, From: subscribe, IPv_Type: ipv4, Location: 美国-伊利诺伊州-库克, ISP: Cogent, Date: None, Delay: 468 ms, Speed: 9.46 M/s, Resolution: 1920x1080
Name: CCTV-17, URL: http://23.237.228.134/live3/CCTV17.m3u8, From: subscribe, IPv_Type: ipv4, Location: 北美地区, ISP: , Date: None, Delay: 331 ms, Speed: 8.14 M/s, Resolution: 1920x1080
Name: CCTV-17, URL: http://www.freetv.top/migu/673168256.m3u8?migutoken=698e0ff1ba47e7b3e38326199e2ee0a1b7bd0b0dd192935d111a196fb0a283c3070537cce6951301b2cc3e6f7de31ffdb9b7c4095d6c008d8333e21e5070375ca86124640133c9fa4c6ffa847f, From: subscribe, IPv_Type: ipv6, Location: 美国-加利福尼亚州-圣克拉拉, ISP: DigitalOcean, Date: None, Delay: 58 ms, Speed: 6.85 M/s, Resolution: 1920x1080
Name: 广东卫视, URL: https://txmov2.a.kwimgs.com/upic/2023/01/26/09/BMjAyMzAxMjYwOTE3NDVfNzM5MzQzNzIyXzk0NjI1OTUwNTA3XzBfMw==_b_B81ddda927d33445d544befd008e60109.mp4, From: subscribe, IPv_Type: ipv4, Location: 美国-加利福尼亚州-圣克拉拉, ISP: 腾讯云, Date: None, Delay: 10 ms, Speed: 156.75 M/s, Resolution: 1280x720
Name: 广东卫视, URL: https://txmov2.a.kwimgs.com/upic/2023/01/26/09/BMjAyMzAxMjYwOTE3NDVfNzM5MzQzNzIyXzk0NjI1OTUwNTA3XzBfMw==_b_B81ddda927d33445d544befd008e60109.mp4, From: subscribe, IPv_Type: ipv4, Location: 美国-加利福尼亚州-圣克拉拉, ISP: 腾讯云, Date: None, Delay: 10 ms, Speed: 156.75 M/s, Resolution: 1280x720
Name: 广东卫视, URL: https://iptv.catvod.com/live.php?id=%E5%B9%BF%E4%B8%9C%E5%8D%AB%E8%A7%86%E5%8F%B0, From: subscribe, IPv_Type: ipv6, Location: 美国, ISP: CloudFlare Inc., Date: None, Delay: 86 ms, Speed: 11.74 M/s, Resolution: 1920x1080
Name: 广东卫视, URL: https://iptv.catvod.com/live.php?id=%E5%B9%BF%E4%B8%9C%E5%8D%AB%E8%A7%86, From: subscribe, IPv_Type: ipv6, Location: 美国, ISP: CloudFlare Inc., Date: None, Delay: 86 ms, Speed: 11.74 M/s, Resolution: 1920x1080
Name: 广东卫视, URL: https://iptv.catvod.com/live.php?id=%E5%B9%BF%E4%B8%9C%E5%8D%AB%E8%A7%86&line=1, From: subscribe, IPv_Type: ipv4, Location: 美国-加利福尼亚州-洛杉矶, ISP: IT7网络, Date: None, Delay: 86 ms, Speed: 11.74 M/s, Resolution: 1920x1080
Name: 广东卫视, URL: https://iptv.catvod.com/live.php?id=%E5%B9%BF%E4%B8%9C%E5%8D%AB%E8%A7%86&line=2, From: subscribe, IPv_Type: ipv4, Location: 美国-加利福尼亚州-洛杉矶, ISP: IT7网络, Date: None, Delay: 86 ms, Speed: 11.74 M/s, Resolution: 1920x1080
Name: 广东卫视, URL: https://iptv.catvod.com/live.php?id=%E5%B9%BF%E4%B8%9C%E5%8D%AB%E8%A7%86&line=3, From: subscribe, IPv_Type: ipv4, Location: 美国-加利福尼亚州-洛杉矶, ISP: IT7网络, Date: None, Delay: 86 ms, Speed: 11.74 M/s, Resolution: 1920x1080
Name: 广东卫视, URL: https://iptv.catvod.com/live.php?id=%E5%B9%BF%E4%B8%9C%E5%8D%AB%E8%A7%86&line=4, From: subscribe, IPv_Type: ipv4, Location: 美国-加利福尼亚州-洛杉矶, ISP: IT7网络, Date: None, Delay: 86 ms, Speed: 11.74 M/s, Resolution: 1920x1080
Name: 广东卫视, URL: http://php.jdshipin.com:8880/TVOD/gsyd.php?id=9900000520, From: subscribe, IPv_Type: ipv6, Location: 美国, ISP: CloudFlare Inc., Date: None, Delay: 828 ms, Speed: 9.85 M/s, Resolution: 1920x1080
Name: 广东卫视, URL: http://38.75.136.137:98/gslb/dsdqpub/gdwshd.m3u8?auth=testpub, From: subscribe, IPv_Type: ipv4, Location: 美国-伊利诺伊州-库克, ISP: Cogent, Date: None, Delay: 468 ms, Speed: 9.46 M/s, Resolution: 1920x1080
Name: 广东卫视, URL: http://23.237.228.134/live6/guangdong.m3u8, From: subscribe, IPv_Type: ipv4, Location: 北美地区, ISP: , Date: None, Delay: 331 ms, Speed: 8.14 M/s, Resolution: 1920x1080
Name: 浙江卫视, URL: https://iptv.catvod.com/live.php?id=%E6%B5%99%E6%B1%9F%E5%8D%AB%E8%A7%86, From: subscribe, IPv_Type: ipv6, Location: 美国, ISP: CloudFlare Inc., Date: None, Delay: 86 ms, Speed: 11.74 M/s, Resolution: 1920x1080
Name: 浙江卫视, URL: https://iptv.catvod.com/live.php?id=%E6%B5%99%E6%B1%9F%E5%8D%AB%E8%A7%86%E5%8F%B0, From: subscribe, IPv_Type: ipv6, Location: 美国, ISP: CloudFlare Inc., Date: None, Delay: 86 ms, Speed: 11.74 M/s, Resolution: 1920x1080
Name: 浙江卫视, URL: https://iptv.catvod.com/live.php?id=%E6%B5%99%E6%B1%9F%E5%8D%AB%E8%A7%86&line=1, From: subscribe, IPv_Type: ipv4, Location: 美国-加利福尼亚州-洛杉矶, ISP: IT7网络, Date: None, Delay: 86 ms, Speed: 11.74 M/s, Resolution: 1920x1080
Name: 浙江卫视, URL: https://iptv.catvod.com/live.php?id=%E6%B5%99%E6%B1%9F%E5%8D%AB%E8%A7%86&line=2, From: subscribe, IPv_Type: ipv4, Location: 美国-加利福尼亚州-洛杉矶, ISP: IT7网络, Date: None, Delay: 86 ms, Speed: 11.74 M/s, Resolution: 1920x1080
Name: 浙江卫视, URL: https://iptv.catvod.com/live.php?id=%E6%B5%99%E6%B1%9F%E5%8D%AB%E8%A7%86&line=3, From: subscribe, IPv_Type: ipv4, Location: 美国-加利福尼亚州-洛杉矶, ISP: IT7网络, Date: None, Delay: 86 ms, Speed: 11.74 M/s, Resolution: 1920x1080
Name: 浙江卫视, URL: https://iptv.catvod.com/live.php?id=%E6%B5%99%E6%B1%9F%E5%8D%AB%E8%A7%86&line=4, From: subscribe, IPv_Type: ipv4, Location: 美国-加利福尼亚州-洛杉矶, ISP: IT7网络, Date: None, Delay: 86 ms, Speed: 11.74 M/s, Resolution: 1920x1080
Name: 浙江卫视, URL: https://iptv.catvod.com/live.php?id=%E6%B5%99%E6%B1%9F%E5%8D%AB%E8%A7%86&line=5, From: subscribe, IPv_Type: ipv4, Location: 美国-加利福尼亚州-洛杉矶, ISP: IT7网络, Date: None, Delay: 86 ms, Speed: 11.74 M/s, Resolution: 1920x1080
Name: 浙江卫视, URL: https://iptv.catvod.com/live.php?id=%E6%B5%99%E6%B1%9F%E5%8D%AB%E8%A7%86&line=6, From: subscribe, IPv_Type: ipv4, Location: 美国-加利福尼亚州-洛杉矶, ISP: IT7网络, Date: None, Delay: 86 ms, Speed: 11.74 M/s, Resolution: 1920x1080
Name: 浙江卫视, URL: https://iptv.catvod.com/live.php?id=%E6%B5%99%E6%B1%9F%E5%8D%AB%E8%A7%86&line=7, From: subscribe, IPv_Type: ipv4, Location: 美国-加利福尼亚州-洛杉矶, ISP: IT7网络, Date: None, Delay: 86 ms, Speed: 11.74 M/s, Resolution: 1920x1080
Name: 浙江卫视, URL: https://iptv.catvod.com/live.php?id=%E6%B5%99%E6%B1%9F%E5%8D%AB%E8%A7%86&line=8, From: subscribe, IPv_Type: ipv4, Location: 美国-加利福尼亚州-洛杉矶, ISP: IT7网络, Date: None, Delay: 86 ms, Speed: 11.74 M/s, Resolution: 1920x1080
Name: 浙江卫视, URL: https://iptv.catvod.com/live.php?id=%E6%B5%99%E6%B1%9F%E5%8D%AB%E8%A7%86&line=9, From: subscribe, IPv_Type: ipv4, Location: 美国-加利福尼亚州-洛杉矶, ISP: IT7网络, Date: None, Delay: 86 ms, Speed: 11.74 M/s, Resolution: 1920x1080
Name: 浙江卫视, URL: https://iptv.catvod.com/live.php?id=%E6%B5%99%E6%B1%9F%E5%8D%AB%E8%A7%86&line=10, From: subscribe, IPv_Type: ipv4, Location: 美国-加利福尼亚州-洛杉矶, ISP: IT7网络, Date: None, Delay: 86 ms, Speed: 11.74 M/s, Resolution: 1920x1080
Name: 浙江卫视, URL: https://iptv.catvod.com/live.php?id=%E6%B5%99%E6%B1%9F%E5%8D%AB%E8%A7%86&line=11, From: subscribe, IPv_Type: ipv4, Location: 美国-加利福尼亚州-洛杉矶, ISP: IT7网络, Date: None, Delay: 86 ms, Speed: 11.74 M/s, Resolution: 1920x1080
Name: 浙江卫视, URL: https://iptv.catvod.com/live.php?id=%E6%B5%99%E6%B1%9F%E5%8D%AB%E8%A7%86&line=12, From: subscribe, IPv_Type: ipv4, Location: 美国-加利福尼亚州-洛杉矶, ISP: IT7网络, Date: None, Delay: 86 ms, Speed: 11.74 M/s, Resolution: 1920x1080
Name: 浙江卫视, URL: http://php.jdshipin.com/TVOD/hnyd.php?id=200000001898/460000089800010070, From: subscribe, IPv_Type: ipv6, Location: 美国, ISP: CloudFlare Inc., Date: None, Delay: 828 ms, Speed: 9.85 M/s, Resolution: 1920x1080
Name: 浙江卫视, URL: http://38.75.136.137:98/gslb/dsdqpub/zjwshd.m3u8?auth=testpub, From: subscribe, IPv_Type: ipv4, Location: 美国-伊利诺伊州-库克, ISP: Cogent, Date: None, Delay: 468 ms, Speed: 9.46 M/s, Resolution: 1920x1080
Name: 浙江卫视, URL: http://38.75.136.137:98/gslb/dsdqca/zjwshd.m3u8?auth=test20251009, From: subscribe, IPv_Type: ipv4, Location: 美国-伊利诺伊州-库克, ISP: Cogent, Date: None, Delay: 468 ms, Speed: 9.46 M/s, Resolution: 1920x1080
Name: 浙江卫视, URL: http://23.237.228.134/live6/zhejiang.m3u8, From: subscribe, IPv_Type: ipv4, Location: 北美地区, ISP: , Date: None, Delay: 331 ms, Speed: 8.14 M/s, Resolution: 1920x1080
Name: 浙江卫视, URL: http://69.30.246.194/live/zjws.m3u8, From: subscribe, IPv_Type: ipv4, Location: 美国-密苏里州-杰克逊县, ISP: WholeSale互联网股份有限公司, Date: None, Delay: 2054 ms, Speed: 3.65 M/s, Resolution: 1920x1080
Name: 浙江卫视, URL: https://play-qukan.cztv.com/live/1746687519046362.m3u8, From: subscribe, IPv_Type: ipv4, Location: 美国, ISP: 阿里云, Date: None, Delay: 1997 ms, Speed: 1.26 M/s, Resolution: 1920x1080
Name: 浙江卫视, URL: https://play-qukan.cztv.com/live/1746687519046362.m3u8, From: subscribe, IPv_Type: ipv4, Location: 美国, ISP: 阿里云, Date: None, Delay: 1997 ms, Speed: 1.26 M/s, Resolution: 1920x1080
Name: 浙江卫视, URL: http://ali-m-l.cztv.com/channels/lantian/channel01/1080p.m3u8, From: subscribe, IPv_Type: ipv6, Location: 中国-广西-防城港, ISP: 电信, Date: None, Delay: 2120 ms, Speed: 1.03 M/s, Resolution: 1920x1080
Name: 浙江卫视, URL: https://ali-m-l.cztv.com/channels/lantian/channel001/1080p.m3u8, From: subscribe, IPv_Type: ipv6, Location: 中国-广西-防城港, ISP: 电信, Date: None, Delay: 2396 ms, Speed: 0.83 M/s, Resolution: 1920x1080
Name: 浙江卫视, URL: https://ali-m-l.cztv.com/channels/lantian/channel001/1080p.m3u8, From: subscribe, IPv_Type: ipv6, Location: 中国-广西-防城港, ISP: 电信, Date: None, Delay: 2396 ms, Speed: 0.83 M/s, Resolution: 1920x1080
Name: 浙江卫视, URL: https://ali-m-l.cztv.com/channels/lantian/channel001/1080p.m3u8?, From: subscribe, IPv_Type: ipv4, Location: 中国-上海-上海, ISP: 电信, Date: None, Delay: 2396 ms, Speed: 0.83 M/s, Resolution: 1920x1080
Name: 浙江卫视, URL: http://ali-xwl.cztv.com/live/channel01720Plxw.m3u8, From: subscribe, IPv_Type: ipv4, Location: 美国, ISP: 阿里云, Date: None, Delay: 1975 ms, Speed: 0.49 M/s, Resolution: 1280x720
Name: 浙江卫视, URL: http://ali-xwl.cztv.com/live/channel01720Plxw.m3u8, From: subscribe, IPv_Type: ipv4, Location: 美国, ISP: 阿里云, Date: None, Delay: 1975 ms, Speed: 0.49 M/s, Resolution: 1280x720
Name: 浙江卫视, URL: http://218.17.33.178:53290/tsfile/live/0124_1.m3u8?key=txiptv, From: subscribe, IPv_Type: ipv4, Location: 中国-广东-深圳, ISP: 电信, Date: None, Delay: 12699 ms, Speed: 0.32 M/s, Resolution: None
Name: 浙江卫视, URL: http://218.17.33.178:53290/tsfile/live/0124_1.m3u8?key=txiptv, From: subscribe, IPv_Type: ipv4, Location: 中国-广东-深圳, ISP: 电信, Date: None, Delay: 12699 ms, Speed: 0.32 M/s, Resolution: None
Name: 湖南卫视, URL: https://txmov2.a.kwimgs.com/bs3/video-hls/5199687338554291078_hlsb.m3u8, From: subscribe, IPv_Type: ipv4, Location: 美国-加利福尼亚州-圣克拉拉, ISP: 腾讯云, Date: None, Delay: 10 ms, Speed: 156.75 M/s, Resolution: 1280x720
Name: 湖南卫视, URL: https://iptv.catvod.com/live.php?id=%E6%B9%96%E5%8D%97%E5%8D%AB%E8%A7%864K%E5%8F%B0, From: subscribe, IPv_Type: ipv6, Location: 美国, ISP: CloudFlare Inc., Date: None, Delay: 86 ms, Speed: 11.74 M/s, Resolution: 1920x1080
Name: 湖南卫视, URL: https://iptv.catvod.com/live.php?id=%E6%B9%96%E5%8D%97%E5%8D%AB%E8%A7%86, From: subscribe, IPv_Type: ipv6, Location: 美国, ISP: CloudFlare Inc., Date: None, Delay: 86 ms, Speed: 11.74 M/s, Resolution: 1920x1080
Name: 湖南卫视, URL: https://iptv.catvod.com/live.php?id=%E6%B9%96%E5%8D%97%E5%8D%AB%E8%A7%86%E5%8F%B0, From: subscribe, IPv_Type: ipv6, Location: 美国, ISP: CloudFlare Inc., Date: None, Delay: 86 ms, Speed: 11.74 M/s, Resolution: 1920x1080
Name: 湖南卫视, URL: https://iptv.catvod.com/live.php?id=%E6%B9%96%E5%8D%97%E5%8D%AB%E8%A7%86&line=1, From: subscribe, IPv_Type: ipv4, Location: 美国-加利福尼亚州-洛杉矶, ISP: IT7网络, Date: None, Delay: 86 ms, Speed: 11.74 M/s, Resolution: 1920x1080
Name: 湖南卫视, URL: https://iptv.catvod.com/live.php?id=%E6%B9%96%E5%8D%97%E5%8D%AB%E8%A7%86&line=2, From: subscribe, IPv_Type: ipv4, Location: 美国-加利福尼亚州-洛杉矶, ISP: IT7网络, Date: None, Delay: 86 ms, Speed: 11.74 M/s, Resolution: 1920x1080
Name: 湖南卫视, URL: https://iptv.catvod.com/live.php?id=%E6%B9%96%E5%8D%97%E5%8D%AB%E8%A7%86&line=3, From: subscribe, IPv_Type: ipv4, Location: 美国-加利福尼亚州-洛杉矶, ISP: IT7网络, Date: None, Delay: 86 ms, Speed: 11.74 M/s, Resolution: 1920x1080
Name: 湖南卫视, URL: https://iptv.catvod.com/live.php?id=%E6%B9%96%E5%8D%97%E5%8D%AB%E8%A7%86&line=4, From: subscribe, IPv_Type: ipv4, Location: 美国-加利福尼亚州-洛杉矶, ISP: IT7网络, Date: None, Delay: 86 ms, Speed: 11.74 M/s, Resolution: 1920x1080
Name: 湖南卫视, URL: http://php.jdshipin.com/TVOD/hnyd.php?id=200000001898/460000089800010058, From: subscribe, IPv_Type: ipv6, Location: 美国, ISP: CloudFlare Inc., Date: None, Delay: 828 ms, Speed: 9.85 M/s, Resolution: 1920x1080
Name: 湖南卫视, URL: http://38.75.136.137:98/gslb/dsdqca/hnwshd.m3u8?auth=test20251009, From: subscribe, IPv_Type: ipv4, Location: 美国-伊利诺伊州-库克, ISP: Cogent, Date: None, Delay: 468 ms, Speed: 9.46 M/s, Resolution: 1920x1080
Name: 湖南卫视, URL: http://38.75.136.137:98/gslb/dsdqbv/hnwshd.m3u8?auth=test20251009, From: subscribe, IPv_Type: ipv4, Location: 美国-伊利诺伊州-库克, ISP: Cogent, Date: None, Delay: 468 ms, Speed: 9.46 M/s, Resolution: 1920x1080
Name: 湖南卫视, URL: http://38.75.136.137:98/gslb/dsdqpub/hnwshd.m3u8?auth=testpub, From: subscribe, IPv_Type: ipv4, Location: 美国-伊利诺伊州-库克, ISP: Cogent, Date: None, Delay: 468 ms, Speed: 9.46 M/s, Resolution: 1920x1080
Name: 湖南卫视, URL: http://23.237.228.134/live6/hunan.m3u8, From: subscribe, IPv_Type: ipv4, Location: 北美地区, ISP: , Date: None, Delay: 331 ms, Speed: 8.14 M/s, Resolution: 1920x1080
Name: 湖南卫视, URL: http://69.30.246.194/live/hnws.m3u8, From: subscribe, IPv_Type: ipv4, Location: 美国-密苏里州-杰克逊县, ISP: WholeSale互联网股份有限公司, Date: None, Delay: 2054 ms, Speed: 3.65 M/s, Resolution: 1920x1080
Name: 湖南卫视, URL: http://106.53.99.30/tv/api.php?id=hnws4k, From: subscribe, IPv_Type: ipv4, Location: 中国-广东-广州, ISP: 腾讯云, Date: None, Delay: 2463 ms, Speed: 0.92 M/s, Resolution: 3840x2160
Name: 湖南卫视, URL: http://106.53.99.30/tv/api.php?id=hnws4k, From: subscribe, IPv_Type: ipv4, Location: 中国-广东-广州, ISP: 腾讯云, Date: None, Delay: 2463 ms, Speed: 0.92 M/s, Resolution: 3840x2160
Name: 湖南卫视, URL: http://satellitepull.cnr.cn/live/wx32hunws/playlist.m3u8, From: subscribe, IPv_Type: ipv4, Location: 美国-新泽西州-摩里斯, ISP: Linode, Date: None, Delay: 117 ms, Speed: 0.81 M/s, Resolution: None
Name: 湖南卫视, URL: http://satellitepull.cnr.cn/live/wx32hunws/playlist.m3u8, From: subscribe, IPv_Type: ipv4, Location: 美国-新泽西州-摩里斯, ISP: Linode, Date: None, Delay: 117 ms, Speed: 0.81 M/s, Resolution: None
Name: 湖南卫视, URL: http://hlsal-ldvt.qing.mgtv.com/nn_live/nn_x64/dWlwPTEyNy4wLjAuMSZ1aWQ9cWluZy1jbXMmbm5fdGltZXpvbmU9OCZjZG5leF9pZD1hbF9obHNfbGR2dCZ1dWlkPTliODY4NmU5ZTM2YzYwMmMmZT02OTE0NjA0JnY9MSZpZD1ITldTWkdTVCZzPTcwN2RiYTc2YzJjNmJmMTQ4MmUyZGYzOWU2NWM3YWFi/HNWSZGST.m3u8, From: subscribe, IPv_Type: ipv4, Location: 美国-加利福尼亚州-圣克拉拉, ISP: AMD公司, Date: None, Delay: 3173 ms, Speed: 0.65 M/s, Resolution: 3840x2160
Name: 湖南卫视, URL: http://hlsal-ldvt.qing.mgtv.com/nn_live/nn_x64/dWlwPTEyNy4wLjAuMSZ1aWQ9cWluZy1jbXMmbm5fdGltZXpvbmU9OCZjZG5leF9pZD1hbF9obHNfbGR2dCZ1dWlkPTliODY4NmU5ZTM2YzYwMmMmZT02OTE0NjA0JnY9MSZpZD1ITldTWkdTVCZzPTcwN2RiYTc2YzJjNmJmMTQ4MmUyZGYzOWU2NWM3YWFi/HNWSZGST.m3u8, From: subscribe, IPv_Type: ipv4, Location: 美国-加利福尼亚州-圣克拉拉, ISP: AMD公司, Date: None, Delay: 3173 ms, Speed: 0.65 M/s, Resolution: 3840x2160
Name: 湖南卫视, URL: http://hlsal-ldvt.qing.mgtv.com/nn_live/nn_x64/Y2RuZXhfaWQ9YWxfaGxzX2xkdnQmZT02OTE0NjA0JnY9MSZpZD1ITldTWkdTVCZzPTcwN2RiYTc2YzJjNmJmMTQ4MmUyZGYzOWU2NWM3YWFi/HNWSZGST.m3u8, From: subscribe, IPv_Type: ipv4, Location: 美国-加利福尼亚州-圣克拉拉, ISP: AMD公司, Date: None, Delay: 3173 ms, Speed: 0.65 M/s, Resolution: 3840x2160
Name: 湖南卫视, URL: http://39.152.103.17:8089/tsfile/live/1040_1.m3u8, From: subscribe, IPv_Type: ipv4, Location: 中国-辽宁-阜新, ISP: 移动, Date: None, Delay: 12769 ms, Speed: 0.11 M/s, Resolution: None
Name: 湖南卫视, URL: http://39.152.103.17:8089/tsfile/live/1040_1.m3u8, From: subscribe, IPv_Type: ipv4, Location: 中国-辽宁-阜新, ISP: 移动, Date: None, Delay: 12769 ms, Speed: 0.11 M/s, Resolution: None
Name: 北京卫视, URL: https://iptv.catvod.com/live.php?id=%E5%8C%97%E4%BA%AC%E5%8D%AB%E8%A7%86%E5%8F%B0, From: subscribe, IPv_Type: ipv6, Location: 美国, ISP: CloudFlare Inc., Date: None, Delay: 86 ms, Speed: 11.74 M/s, Resolution: 1920x1080
Name: 北京卫视, URL: https://iptv.catvod.com/live.php?id=%E5%8C%97%E4%BA%AC%E5%8D%AB%E8%A7%86, From: subscribe, IPv_Type: ipv4, Location: 美国-加利福尼亚州-洛杉矶, ISP: IT7网络, Date: None, Delay: 86 ms, Speed: 11.74 M/s, Resolution: 1920x1080
Name: 北京卫视, URL: https://iptv.catvod.com/live.php?id=%E5%8C%97%E4%BA%AC%E5%8D%AB%E8%A7%86&line=1, From: subscribe, IPv_Type: ipv4, Location: 美国-加利福尼亚州-洛杉矶, ISP: IT7网络, Date: None, Delay: 86 ms, Speed: 11.74 M/s, Resolution: 1920x1080
Name: 北京卫视, URL: https://iptv.catvod.com/live.php?id=%E5%8C%97%E4%BA%AC%E5%8D%AB%E8%A7%86&line=2, From: subscribe, IPv_Type: ipv4, Location: 美国-加利福尼亚州-洛杉矶, ISP: IT7网络, Date: None, Delay: 86 ms, Speed: 11.74 M/s, Resolution: 1920x1080
Name: 北京卫视, URL: https://iptv.catvod.com/live.php?id=%E5%8C%97%E4%BA%AC%E5%8D%AB%E8%A7%86&line=3, From: subscribe, IPv_Type: ipv4, Location: 美国-加利福尼亚州-洛杉矶, ISP: IT7网络, Date: None, Delay: 86 ms, Speed: 11.74 M/s, Resolution: 1920x1080
Name: 北京卫视, URL: https://iptv.catvod.com/live.php?id=%E5%8C%97%E4%BA%AC%E5%8D%AB%E8%A7%86&line=4, From: subscribe, IPv_Type: ipv4, Location: 美国-加利福尼亚州-洛杉矶, ISP: IT7网络, Date: None, Delay: 86 ms, Speed: 11.74 M/s, Resolution: 1920x1080
Name: 北京卫视, URL: https://iptv.catvod.com/live.php?id=%E5%8C%97%E4%BA%AC%E5%8D%AB%E8%A7%86&line=5, From: subscribe, IPv_Type: ipv4, Location: 美国-加利福尼亚州-洛杉矶, ISP: IT7网络, Date: None, Delay: 86 ms, Speed: 11.74 M/s, Resolution: 1920x1080
Name: 北京卫视, URL: https://iptv.catvod.com/live.php?id=%E5%8C%97%E4%BA%AC%E5%8D%AB%E8%A7%86&line=6, From: subscribe, IPv_Type: ipv4, Location: 美国-加利福尼亚州-洛杉矶, ISP: IT7网络, Date: None, Delay: 86 ms, Speed: 11.74 M/s, Resolution: 1920x1080
Name: 北京卫视, URL: http://php.jdshipin.com/TVOD/hnyd.php?id=200000001898/460000089800010143, From: subscribe, IPv_Type: ipv6, Location: 美国, ISP: CloudFlare Inc., Date: None, Delay: 828 ms, Speed: 9.85 M/s, Resolution: 1920x1080
Name: 北京卫视, URL: http://38.75.136.137:98/gslb/dsdqbv/bjwshd.m3u8?auth=test20251009, From: subscribe, IPv_Type: ipv4, Location: 美国-伊利诺伊州-库克, ISP: Cogent, Date: None, Delay: 468 ms, Speed: 9.46 M/s, Resolution: 1920x1080
Name: 北京卫视, URL: http://38.75.136.137:98/gslb/dsdqpub/bjwshd.m3u8?auth=testpub, From: subscribe, IPv_Type: ipv4, Location: 美国-伊利诺伊州-库克, ISP: Cogent, Date: None, Delay: 468 ms, Speed: 9.46 M/s, Resolution: 1920x1080
Name: 北京卫视, URL: http://38.75.136.137:98/gslb/dsdqca/bjwshd.m3u8?auth=test20251009, From: subscribe, IPv_Type: ipv4, Location: 美国-伊利诺伊州-库克, ISP: Cogent, Date: None, Delay: 468 ms, Speed: 9.46 M/s, Resolution: 1920x1080
Name: 北京卫视, URL: http://23.237.228.134/live3/beijing.m3u8, From: subscribe, IPv_Type: ipv4, Location: 北美地区, ISP: , Date: None, Delay: 331 ms, Speed: 8.14 M/s, Resolution: 1920x1080
Name: 北京卫视, URL: http://106.53.99.30/tv/bj.php?id=bjws4k, From: subscribe, IPv_Type: ipv4, Location: 中国-广东-广州, ISP: 腾讯云, Date: None, Delay: 2463 ms, Speed: 0.92 M/s, Resolution: 3840x2160
Name: 北京卫视, URL: http://satellitepull.cnr.cn/live/wxbtv/playlist.m3u8, From: subscribe, IPv_Type: ipv4, Location: 美国-德克萨斯州-达拉斯, ISP: 网宿科技CDN节点, Date: None, Delay: 117 ms, Speed: 0.81 M/s, Resolution: None
Name: 北京卫视, URL: http://39.152.103.17:8089/tsfile/live/1034_1.m3u8, From: subscribe, IPv_Type: ipv4, Location: 中国-辽宁-阜新, ISP: 移动, Date: None, Delay: 12769 ms, Speed: 0.11 M/s, Resolution: None
Name: 北京卫视, URL: http://61.136.172.236:9901/tsfile/live/0122_1.m3u8?key=txiptv&playlive=1&authid=0, From: subscribe, IPv_Type: ipv4, Location: 中国-湖北-黄石, ISP: 电信, Date: None, Delay: 12101 ms, Speed: 0.00 M/s, Resolution: None
Name: 北京卫视, URL: http://61.136.172.236:9901/tsfile/live/0122_1.m3u8?key=txiptv&playlive=1&authid=0, From: subscribe, IPv_Type: ipv4, Location: 中国-湖北-黄石, ISP: 电信, Date: None, Delay: 12101 ms, Speed: 0.00 M/s, Resolution: None
Name: 北京卫视, URL: http://222.169.85.8:9901/tsfile/live/0017_1.m3u8?key=txiptv, From: subscribe, IPv_Type: ipv4, Location: 中国-吉林-辽源, ISP: 电信, Date: None, Delay: 12821 ms, Speed: 0.00 M/s, Resolution: None
Name: 北京卫视, URL: http://222.169.85.8:9901/tsfile/live/0017_1.m3u8?key=txiptv, From: subscribe, IPv_Type: ipv4, Location: 中国-吉林-辽源, ISP: 电信, Date: None, Delay: 12821 ms, Speed: 0.00 M/s, Resolution: None
Name: 湖北卫视, URL: https://iptv.catvod.com/live.php?id=%E6%B9%96%E5%8C%97%E5%8D%AB%E8%A7%86, From: subscribe, IPv_Type: ipv6, Location: 美国, ISP: CloudFlare Inc., Date: None, Delay: 86 ms, Speed: 11.74 M/s, Resolution: 1920x1080
Name: 湖北卫视, URL: https://iptv.catvod.com/live.php?id=%E6%B9%96%E5%8C%97%E5%8D%AB%E8%A7%86%E5%8F%B0, From: subscribe, IPv_Type: ipv6, Location: 美国, ISP: CloudFlare Inc., Date: None, Delay: 86 ms, Speed: 11.74 M/s, Resolution: 1920x1080
Name: 湖北卫视, URL: https://iptv.catvod.com/live.php?id=%E6%B9%96%E5%8C%97%E5%8D%AB%E8%A7%86&line=1, From: subscribe, IPv_Type: ipv4, Location: 美国-加利福尼亚州-洛杉矶, ISP: IT7网络, Date: None, Delay: 86 ms, Speed: 11.74 M/s, Resolution: 1920x1080
Name: 湖北卫视, URL: https://iptv.catvod.com/live.php?id=%E6%B9%96%E5%8C%97%E5%8D%AB%E8%A7%86&line=2, From: subscribe, IPv_Type: ipv4, Location: 美国-加利福尼亚州-洛杉矶, ISP: IT7网络, Date: None, Delay: 86 ms, Speed: 11.74 M/s, Resolution: 1920x1080
Name: 湖北卫视, URL: https://iptv.catvod.com/live.php?id=%E6%B9%96%E5%8C%97%E5%8D%AB%E8%A7%86&line=3, From: subscribe, IPv_Type: ipv4, Location: 美国-加利福尼亚州-洛杉矶, ISP: IT7网络, Date: None, Delay: 86 ms, Speed: 11.74 M/s, Resolution: 1920x1080
Name: 湖北卫视, URL: http://php.jdshipin.com/TVOD/hnyd.php?id=200000001898/460000089800010057, From: subscribe, IPv_Type: ipv6, Location: 美国, ISP: CloudFlare Inc., Date: None, Delay: 828 ms, Speed: 9.85 M/s, Resolution: 1920x1080
Name: 湖北卫视, URL: http://38.75.136.137:98/gslb/dsdqpub/hbwshd.m3u8?auth=testpub, From: subscribe, IPv_Type: ipv4, Location: 美国-伊利诺伊州-库克, ISP: Cogent, Date: None, Delay: 468 ms, Speed: 9.46 M/s, Resolution: 1920x1080
Name: 湖北卫视, URL: http://38.75.136.137:98/gslb/dsdqca/hbwshd.m3u8?auth=test20251009, From: subscribe, IPv_Type: ipv4, Location: 美国-伊利诺伊州-库克, ISP: Cogent, Date: None, Delay: 468 ms, Speed: 9.46 M/s, Resolution: 1920x1080
Name: 湖北卫视, URL: http://23.237.228.134/live6/hubei.m3u8, From: subscribe, IPv_Type: ipv4, Location: 北美地区, ISP: , Date: None, Delay: 331 ms, Speed: 8.14 M/s, Resolution: 1920x1080
Name: 湖北卫视, URL: http://satellitepull.cnr.cn/live/wx32hubws/playlist.m3u8, From: subscribe, IPv_Type: ipv4, Location: 美国-德克萨斯州-达拉斯, ISP: 网宿科技CDN节点, Date: None, Delay: 117 ms, Speed: 0.81 M/s, Resolution: None
Name: 湖北卫视, URL: http://39.152.103.17:8089/tsfile/live/1043_1.m3u8, From: subscribe, IPv_Type: ipv4, Location: 中国-辽宁-阜新, ISP: 移动, Date: None, Delay: 12769 ms, Speed: 0.11 M/s, Resolution: None
Name: 湖北卫视, URL: http://61.136.172.236:9901/tsfile/live/0132_1.m3u8, From: subscribe, IPv_Type: ipv4, Location: 中国-湖北-黄石, ISP: 电信, Date: None, Delay: 12101 ms, Speed: 0.00 M/s, Resolution: None
Name: 湖北卫视, URL: http://61.136.172.236:9901/tsfile/live/0132_1.m3u8?key=txiptv&playlive=1&authid=0, From: subscribe, IPv_Type: ipv4, Location: 中国-湖北-黄石, ISP: 电信, Date: None, Delay: 12101 ms, Speed: 0.00 M/s, Resolution: None
Name: 湖北卫视, URL: http://222.169.85.8:9901/tsfile/live/0132_1.m3u8?key=txiptv&playlive=1&authid=0, From: subscribe, IPv_Type: ipv4, Location: 中国-吉林-辽源, ISP: 电信, Date: None, Delay: 12821 ms, Speed: 0.00 M/s, Resolution: None
Name: 湖北卫视, URL: http://222.169.85.8:9901/tsfile/live/0132_1.m3u8, From: subscribe, IPv_Type: ipv4, Location: 中国-吉林-辽源, ISP: 电信, Date: None, Delay: 12821 ms, Speed: 0.00 M/s, Resolution: None
Name: 黑龙江卫视, URL: https://iptv.catvod.com/live.php?id=%E9%BB%91%E9%BE%99%E6%B1%9F%E5%8D%AB%E8%A7%86%E5%8F%B0, From: subscribe, IPv_Type: ipv6, Location: 美国, ISP: CloudFlare Inc., Date: None, Delay: 86 ms, Speed: 11.74 M/s, Resolution: 1920x1080
Name: 黑龙江卫视, URL: https://iptv.catvod.com/live.php?id=%E9%BB%91%E9%BE%99%E6%B1%9F%E5%8D%AB%E8%A7%86, From: subscribe, IPv_Type: ipv4, Location: 美国-加利福尼亚州-洛杉矶, ISP: IT7网络, Date: None, Delay: 86 ms, Speed: 11.74 M/s, Resolution: 1920x1080
Name: 黑龙江卫视, URL: https://iptv.catvod.com/live.php?id=%E9%BB%91%E9%BE%99%E6%B1%9F%E5%8D%AB%E8%A7%86&line=1, From: subscribe, IPv_Type: ipv4, Location: 美国-加利福尼亚州-洛杉矶, ISP: IT7网络, Date: None, Delay: 86 ms, Speed: 11.74 M/s, Resolution: 1920x1080
Name: 黑龙江卫视, URL: https://iptv.catvod.com/live.php?id=%E9%BB%91%E9%BE%99%E6%B1%9F%E5%8D%AB%E8%A7%86&line=2, From: subscribe, IPv_Type: ipv4, Location: 美国-加利福尼亚州-洛杉矶, ISP: IT7网络, Date: None, Delay: 86 ms, Speed: 11.74 M/s, Resolution: 1920x1080
Name: 黑龙江卫视, URL: https://iptv.catvod.com/live.php?id=%E9%BB%91%E9%BE%99%E6%B1%9F%E5%8D%AB%E8%A7%86&line=3, From: subscribe, IPv_Type: ipv4, Location: 美国-加利福尼亚州-洛杉矶, ISP: IT7网络, Date: None, Delay: 86 ms, Speed: 11.74 M/s, Resolution: 1920x1080
Name: 黑龙江卫视, URL: https://iptv.catvod.com/live.php?id=%E9%BB%91%E9%BE%99%E6%B1%9F%E5%8D%AB%E8%A7%86&line=4, From: subscribe, IPv_Type: ipv4, Location: 美国-加利福尼亚州-洛杉矶, ISP: IT7网络, Date: None, Delay: 86 ms, Speed: 11.74 M/s, Resolution: 1920x1080
Name: 黑龙江卫视, URL: https://iptv.catvod.com/live.php?id=%E9%BB%91%E9%BE%99%E6%B1%9F%E5%8D%AB%E8%A7%86&line=5, From: subscribe, IPv_Type: ipv4, Location: 美国-加利福尼亚州-洛杉矶, ISP: IT7网络, Date: None, Delay: 86 ms, Speed: 11.74 M/s, Resolution: 1920x1080
Name: 黑龙江卫视, URL: http://php.jdshipin.com/TVOD/hnyd.php?id=200000001898/460000089800010056, From: subscribe, IPv_Type: ipv6, Location: 美国, ISP: CloudFlare Inc., Date: None, Delay: 828 ms, Speed: 9.85 M/s, Resolution: 1920x1080
Name: 黑龙江卫视, URL: http://38.75.136.137:98/gslb/dsdqpub/hljwshd.m3u8?auth=testpub, From: subscribe, IPv_Type: ipv4, Location: 美国-伊利诺伊州-库克, ISP: Cogent, Date: None, Delay: 468 ms, Speed: 9.46 M/s, Resolution: 1920x1080
Name: 黑龙江卫视, URL: http://23.237.228.134/live6/heilongjiang.m3u8, From: subscribe, IPv_Type: ipv4, Location: 北美地区, ISP: , Date: None, Delay: 331 ms, Speed: 8.14 M/s, Resolution: 1920x1080
Name: 黑龙江卫视, URL: http://satellitepull.cnr.cn/live/wx32hljws/playlist.m3u8, From: subscribe, IPv_Type: ipv4, Location: 美国-德克萨斯州-达拉斯, ISP: 网宿科技CDN节点, Date: None, Delay: 117 ms, Speed: 0.81 M/s, Resolution: None
Name: 黑龙江卫视, URL: https://epg.pw/stream/c6c1262d0b35e59eac22bf513395f00f8b60cc5eab41f598412cdf8269312f32.m3u8, From: subscribe, IPv_Type: ipv6, Location: 美国, ISP: CloudFlare Inc., Date: None, Delay: 1197 ms, Speed: 0.55 M/s, Resolution: 1920x1080
Name: 黑龙江卫视, URL: http://39.152.103.17:8089/tsfile/live/1055_1.m3u8, From: subscribe, IPv_Type: ipv4, Location: 中国-辽宁-阜新, ISP: 移动, Date: None, Delay: 12769 ms, Speed: 0.11 M/s, Resolution: None
Name: 黑龙江卫视, URL: http://61.136.172.236:9901/tsfile/live/0143_1.m3u8, From: subscribe, IPv_Type: ipv4, Location: 中国-湖北-黄石, ISP: 电信, Date: None, Delay: 12101 ms, Speed: 0.00 M/s, Resolution: None
Name: 黑龙江卫视, URL: http://61.136.172.236:9901/tsfile/live/0143_1.m3u8?key=txiptv&playlive=1&authid=0, From: subscribe, IPv_Type: ipv4, Location: 中国-湖北-黄石, ISP: 电信, Date: None, Delay: 12101 ms, Speed: 0.00 M/s, Resolution: None
Name: 安徽卫视, URL: https://iptv.catvod.com/live.php?id=%E5%AE%89%E5%BE%BD%E5%8D%AB%E8%A7%86%E5%8F%B0, From: subscribe, IPv_Type: ipv6, Location: 美国, ISP: CloudFlare Inc., Date: None, Delay: 86 ms, Speed: 11.74 M/s, Resolution: 1920x1080
Name: 安徽卫视, URL: https://iptv.catvod.com/live.php?id=%E5%AE%89%E5%BE%BD%E5%8D%AB%E8%A7%86, From: subscribe, IPv_Type: ipv4, Location: 美国-加利福尼亚州-洛杉矶, ISP: IT7网络, Date: None, Delay: 86 ms, Speed: 11.74 M/s, Resolution: 1920x1080
Name: 安徽卫视, URL: https://iptv.catvod.com/live.php?id=%E5%AE%89%E5%BE%BD%E5%8D%AB%E8%A7%86&line=1, From: subscribe, IPv_Type: ipv4, Location: 美国-加利福尼亚州-洛杉矶, ISP: IT7网络, Date: None, Delay: 86 ms, Speed: 11.74 M/s, Resolution: 1920x1080
Name: 安徽卫视, URL: https://iptv.catvod.com/live.php?id=%E5%AE%89%E5%BE%BD%E5%8D%AB%E8%A7%86&line=2, From: subscribe, IPv_Type: ipv4, Location: 美国-加利福尼亚州-洛杉矶, ISP: IT7网络, Date: None, Delay: 86 ms, Speed: 11.74 M/s, Resolution: 1920x1080
Name: 安徽卫视, URL: https://iptv.catvod.com/live.php?id=%E5%AE%89%E5%BE%BD%E5%8D%AB%E8%A7%86&line=3, From: subscribe, IPv_Type: ipv4, Location: 美国-加利福尼亚州-洛杉矶, ISP: IT7网络, Date: None, Delay: 86 ms, Speed: 11.74 M/s, Resolution: 1920x1080
Name: 安徽卫视, URL: http://php.jdshipin.com/TVOD/hljyd.php?id=3221226391, From: subscribe, IPv_Type: ipv6, Location: 美国, ISP: CloudFlare Inc., Date: None, Delay: 828 ms, Speed: 9.85 M/s, Resolution: 1920x1080
Name: 安徽卫视, URL: http://38.75.136.137:98/gslb/dsdqpub/ahwshd.m3u8?auth=testpub, From: subscribe, IPv_Type: ipv4, Location: 美国-伊利诺伊州-库克, ISP: Cogent, Date: None, Delay: 468 ms, Speed: 9.46 M/s, Resolution: 1920x1080
Name: 安徽卫视, URL: http://23.237.228.134/live8/anhui.m3u8, From: subscribe, IPv_Type: ipv4, Location: 北美地区, ISP: , Date: None, Delay: 331 ms, Speed: 8.14 M/s, Resolution: 1920x1080
Name: 安徽卫视, URL: http://39.152.103.17:8089/tsfile/live/1039_1.m3u8, From: subscribe, IPv_Type: ipv4, Location: 中国-辽宁-阜新, ISP: 移动, Date: None, Delay: 12769 ms, Speed: 0.11 M/s, Resolution: None
Name: 安徽卫视, URL: http://111.221.137.234:44330/tsfile/live/0120_1.m3u8?key=txiptv&playlive=0&authid=0, From: subscribe, IPv_Type: ipv4, Location: 中国-广东-深圳, ISP: 天威视讯, Date: None, Delay: 12456 ms, Speed: 0.09 M/s, Resolution: None
Name: 安徽卫视, URL: http://111.221.137.234:44330/tsfile/live/0120_1.m3u8?key=txiptv&playlive=0&authid=0, From: subscribe, IPv_Type: ipv4, Location: 中国-广东-深圳, ISP: 天威视讯, Date: None, Delay: 12456 ms, Speed: 0.09 M/s, Resolution: None
Name: 安徽卫视, URL: http://61.136.172.236:9901/tsfile/live/0130_1.m3u8, From: subscribe, IPv_Type: ipv4, Location: 中国-湖北-黄石, ISP: 电信, Date: None, Delay: 12101 ms, Speed: 0.00 M/s, Resolution: None
Name: 安徽卫视, URL: http://61.136.172.236:9901/tsfile/live/0130_1.m3u8?key=txiptv&playlive=1&authid=0, From: subscribe, IPv_Type: ipv4, Location: 中国-湖北-黄石, ISP: 电信, Date: None, Delay: 12101 ms, Speed: 0.00 M/s, Resolution: None
Name: 安徽卫视, URL: http://222.169.85.8:9901/tsfile/live/0130_1.m3u8, From: subscribe, IPv_Type: ipv4, Location: 中国-吉林-辽源, ISP: 电信, Date: None, Delay: 12821 ms, Speed: 0.00 M/s, Resolution: None
Name: 重庆卫视, URL: https://iptv.catvod.com/live.php?id=%E9%87%8D%E5%BA%86%E5%8D%AB%E8%A7%86%E5%8F%B0, From: subscribe, IPv_Type: ipv6, Location: 美国, ISP: CloudFlare Inc., Date: None, Delay: 86 ms, Speed: 11.74 M/s, Resolution: 1920x1080
Name: 重庆卫视, URL: https://iptv.catvod.com/live.php?id=%E9%87%8D%E5%BA%86%E5%8D%AB%E8%A7%86, From: subscribe, IPv_Type: ipv4, Location: 美国-加利福尼亚州-洛杉矶, ISP: IT7网络, Date: None, Delay: 86 ms, Speed: 11.74 M/s, Resolution: 1920x1080
Name: 重庆卫视, URL: https://iptv.catvod.com/live.php?id=%E9%87%8D%E5%BA%86%E5%8D%AB%E8%A7%86&line=1, From: subscribe, IPv_Type: ipv4, Location: 美国-加利福尼亚州-洛杉矶, ISP: IT7网络, Date: None, Delay: 86 ms, Speed: 11.74 M/s, Resolution: 1920x1080
Name: 重庆卫视, URL: https://iptv.catvod.com/live.php?id=%E9%87%8D%E5%BA%86%E5%8D%AB%E8%A7%86&line=2, From: subscribe, IPv_Type: ipv4, Location: 美国-加利福尼亚州-洛杉矶, ISP: IT7网络, Date: None, Delay: 86 ms, Speed: 11.74 M/s, Resolution: 1920x1080
Name: 重庆卫视, URL: http://php.jdshipin.com/TVOD/hnyd.php?id=200000001898/460000089800010053, From: subscribe, IPv_Type: ipv6, Location: 美国, ISP: CloudFlare Inc., Date: None, Delay: 828 ms, Speed: 9.85 M/s, Resolution: 1920x1080
Name: 重庆卫视, URL: http://38.75.136.137:98/gslb/dsdqca/cqwshd.m3u8?auth=test20251009, From: subscribe, IPv_Type: ipv4, Location: 美国-伊利诺伊州-库克, ISP: Cogent, Date: None, Delay: 468 ms, Speed: 9.46 M/s, Resolution: 1920x1080
Name: 重庆卫视, URL: http://38.75.136.137:98/gslb/dsdqpub/cqwshd.m3u8?auth=testpub, From: subscribe, IPv_Type: ipv4, Location: 美国-伊利诺伊州-库克, ISP: Cogent, Date: None, Delay: 468 ms, Speed: 9.46 M/s, Resolution: 1920x1080
Name: 重庆卫视, URL: http://23.237.228.134/live6/chongqing.m3u8, From: subscribe, IPv_Type: ipv4, Location: 北美地区, ISP: , Date: None, Delay: 331 ms, Speed: 8.14 M/s, Resolution: 1920x1080
Name: 重庆卫视, URL: http://satellitepull.cnr.cn/live/wxcqws/playlist.m3u8, From: subscribe, IPv_Type: ipv4, Location: 美国-德克萨斯州-达拉斯, ISP: 网宿科技CDN节点, Date: None, Delay: 117 ms, Speed: 0.81 M/s, Resolution: None
Name: 重庆卫视, URL: http://39.152.103.17:8089/tsfile/live/1048_1.m3u8, From: subscribe, IPv_Type: ipv4, Location: 中国-辽宁-阜新, ISP: 移动, Date: None, Delay: 12769 ms, Speed: 0.11 M/s, Resolution: None
Name: 重庆卫视, URL: http://111.221.137.234:44330/tsfile/live/0142_1.m3u8?key=txiptv&playlive=0&authid=0, From: subscribe, IPv_Type: ipv4, Location: 中国-广东-深圳, ISP: 天威视讯, Date: None, Delay: 12456 ms, Speed: 0.09 M/s, Resolution: None
Name: 重庆卫视, URL: http://123.129.70.178:9901/tsfile/live/0142_1.m3u8?key=txiptv&playlive=1&authid=0, From: subscribe, IPv_Type: ipv4, Location: 中国-山东-东营, ISP: 联通, Date: None, Delay: 12376 ms, Speed: 0.07 M/s, Resolution: 1920x1080
Name: 重庆卫视, URL: http://123.129.70.178:9901/tsfile/live/0142_1.m3u8?key=txiptv&playlive=1&authid=0, From: subscribe, IPv_Type: ipv4, Location: 中国-山东-东营, ISP: 联通, Date: None, Delay: 12376 ms, Speed: 0.07 M/s, Resolution: 1920x1080
Name: 重庆卫视, URL: http://123.129.70.178:9901/tsfile/live/0142_1.m3u8, From: subscribe, IPv_Type: ipv4, Location: 中国-山东-东营, ISP: 联通, Date: None, Delay: 12376 ms, Speed: 0.07 M/s, Resolution: 1920x1080
Name: 重庆卫视, URL: http://123.129.70.178/rtp/239.253.254.38:8000$山东联通组播源-cache:123.129.70.178, From: multicast, IPv_Type: ipv4, Location: 中国-山东-东营, ISP: 联通, Date: 2024-02-07, Delay: 12376 ms, Speed: 0.07 M/s, Resolution: 1920x1080
Name: 重庆卫视, URL: http://61.136.172.236:9901/tsfile/live/0142_1.m3u8, From: subscribe, IPv_Type: ipv4, Location: 中国-湖北-黄石, ISP: 电信, Date: None, Delay: 12101 ms, Speed: 0.00 M/s, Resolution: None
Name: 重庆卫视, URL: http://61.136.172.236:9901/tsfile/live/0142_1.m3u8?key=txiptv&playlive=1&authid=0, From: subscribe, IPv_Type: ipv4, Location: 中国-湖北-黄石, ISP: 电信, Date: None, Delay: 12101 ms, Speed: 0.00 M/s, Resolution: None
Name: 重庆卫视, URL: http://222.169.85.8:9901/tsfile/live/0142_1.m3u8?key=txiptv&amp;playlive=1&amp;authid=0, From: subscribe, IPv_Type: ipv4, Location: 中国-吉林-辽源, ISP: 电信, Date: None, Delay: 12821 ms, Speed: 0.00 M/s, Resolution: None
Name: 重庆卫视, URL: http://222.169.85.8:9901/tsfile/live/0142_1.m3u8, From: subscribe, IPv_Type: ipv4, Location: 中国-吉林-辽源, ISP: 电信, Date: None, Delay: 12821 ms, Speed: 0.00 M/s, Resolution: None
Name: 重庆卫视, URL: http://222.169.85.8:9901/tsfile/live/0142_1.m3u8?key=txiptv&amp;amp;playlive=1&amp;amp;authid=0, From: subscribe, IPv_Type: ipv4, Location: 中国-吉林-辽源, ISP: 电信, Date: None, Delay: 12821 ms, Speed: 0.00 M/s, Resolution: None
Name: 东方卫视, URL: https://txmov2.a.kwimgs.com/bs3/video-hls/5219953535631090825_hlsb.m3u8, From: subscribe, IPv_Type: ipv4, Location: 美国-加利福尼亚州-圣克拉拉, ISP: 腾讯云, Date: None, Delay: 10 ms, Speed: 156.75 M/s, Resolution: 1280x720
Name: 东方卫视, URL: https://iptv.catvod.com/live.php?id=%E4%B8%9C%E6%96%B9%E5%8D%AB%E8%A7%86%E5%8F%B0, From: subscribe, IPv_Type: ipv6, Location: 美国, ISP: CloudFlare Inc., Date: None, Delay: 86 ms, Speed: 11.74 M/s, Resolution: 1920x1080
Name: 东方卫视, URL: https://iptv.catvod.com/live.php?id=%E4%B8%9C%E6%96%B9%E5%8D%AB%E8%A7%86, From: subscribe, IPv_Type: ipv6, Location: 美国, ISP: CloudFlare Inc., Date: None, Delay: 86 ms, Speed: 11.74 M/s, Resolution: 1920x1080
Name: 东方卫视, URL: https://iptv.catvod.com/live.php?id=%E4%B8%9C%E6%96%B9%E5%8D%AB%E8%A7%86&line=1, From: subscribe, IPv_Type: ipv4, Location: 美国-加利福尼亚州-洛杉矶, ISP: IT7网络, Date: None, Delay: 86 ms, Speed: 11.74 M/s, Resolution: 1920x1080
Name: 东方卫视, URL: https://iptv.catvod.com/live.php?id=%E4%B8%9C%E6%96%B9%E5%8D%AB%E8%A7%86&line=2, From: subscribe, IPv_Type: ipv4, Location: 美国-加利福尼亚州-洛杉矶, ISP: IT7网络, Date: None, Delay: 86 ms, Speed: 11.74 M/s, Resolution: 1920x1080
Name: 东方卫视, URL: https://iptv.catvod.com/live.php?id=%E4%B8%9C%E6%96%B9%E5%8D%AB%E8%A7%86&line=3, From: subscribe, IPv_Type: ipv4, Location: 美国-加利福尼亚州-洛杉矶, ISP: IT7网络, Date: None, Delay: 86 ms, Speed: 11.74 M/s, Resolution: 1920x1080
Name: 东方卫视, URL: https://iptv.catvod.com/live.php?id=%E4%B8%9C%E6%96%B9%E5%8D%AB%E8%A7%86&line=4, From: subscribe, IPv_Type: ipv4, Location: 美国-加利福尼亚州-洛杉矶, ISP: IT7网络, Date: None, Delay: 86 ms, Speed: 11.74 M/s, Resolution: 1920x1080
Name: 东方卫视, URL: https://iptv.catvod.com/live.php?id=%E4%B8%9C%E6%96%B9%E5%8D%AB%E8%A7%86&line=5, From: subscribe, IPv_Type: ipv4, Location: 美国-加利福尼亚州-洛杉矶, ISP: IT7网络, Date: None, Delay: 86 ms, Speed: 11.74 M/s, Resolution: 1920x1080
Name: 东方卫视, URL: https://iptv.catvod.com/live.php?id=%E4%B8%9C%E6%96%B9%E5%8D%AB%E8%A7%86&line=6, From: subscribe, IPv_Type: ipv4, Location: 美国-加利福尼亚州-洛杉矶, ISP: IT7网络, Date: None, Delay: 86 ms, Speed: 11.74 M/s, Resolution: 1920x1080
Name: 东方卫视, URL: http://php.jdshipin.com/TVOD/hnyd.php?id=200000001898/460000089800010054, From: subscribe, IPv_Type: ipv6, Location: 美国, ISP: CloudFlare Inc., Date: None, Delay: 828 ms, Speed: 9.85 M/s, Resolution: 1920x1080
Name: 东方卫视, URL: http://38.75.136.137:98/gslb/dsdqbv/dfwshd.m3u8?auth=test20251009, From: subscribe, IPv_Type: ipv4, Location: 美国-伊利诺伊州-库克, ISP: Cogent, Date: None, Delay: 468 ms, Speed: 9.46 M/s, Resolution: 1920x1080
Name: 东方卫视, URL: http://38.75.136.137:98/gslb/dsdqca/dfwshd.m3u8?auth=test20251009, From: subscribe, IPv_Type: ipv4, Location: 美国-伊利诺伊州-库克, ISP: Cogent, Date: None, Delay: 468 ms, Speed: 9.46 M/s, Resolution: 1920x1080
Name: 东方卫视, URL: http://38.75.136.137:98/gslb/dsdqpub/dfwshd.m3u8?auth=testpub, From: subscribe, IPv_Type: ipv4, Location: 美国-伊利诺伊州-库克, ISP: Cogent, Date: None, Delay: 468 ms, Speed: 9.46 M/s, Resolution: 1920x1080
Name: 东方卫视, URL: http://23.237.228.134/live3/dongfang.m3u8, From: subscribe, IPv_Type: ipv4, Location: 北美地区, ISP: , Date: None, Delay: 331 ms, Speed: 8.14 M/s, Resolution: 1920x1080
Name: 东方卫视, URL: http://23.237.228.134/live6/dongnan.m3u8, From: subscribe, IPv_Type: ipv4, Location: 北美地区, ISP: , Date: None, Delay: 331 ms, Speed: 8.14 M/s, Resolution: 1920x1080
Name: 东方卫视, URL: http://69.30.246.194/live/dfws.m3u8, From: subscribe, IPv_Type: ipv4, Location: 美国-密苏里州-杰克逊县, ISP: WholeSale互联网股份有限公司, Date: None, Delay: 2054 ms, Speed: 3.65 M/s, Resolution: 1920x1080
Name: 东方卫视, URL: https://epg.pw/stream/6aec3ea636542c53729b5c9dd290864ab04d4a69d2b9cb7864a9898779915898.m3u8, From: subscribe, IPv_Type: ipv6, Location: 美国, ISP: CloudFlare Inc., Date: None, Delay: 1197 ms, Speed: 0.55 M/s, Resolution: 1920x1080
Name: 东方卫视, URL: http://39.152.103.17:8089/tsfile/live/1036_1.m3u8, From: subscribe, IPv_Type: ipv4, Location: 中国-辽宁-阜新, ISP: 移动, Date: None, Delay: 12769 ms, Speed: 0.11 M/s, Resolution: None
Name: 东方卫视, URL: http://111.221.137.234:44330/tsfile/live/0126_1.m3u8?key=txiptv&playlive=0&authid=0, From: subscribe, IPv_Type: ipv4, Location: 中国-广东-深圳, ISP: 天威视讯, Date: None, Delay: 12456 ms, Speed: 0.09 M/s, Resolution: None
Name: 东方卫视, URL: http://123.129.70.178:9901/tsfile/live/0107_1.m3u8, From: subscribe, IPv_Type: ipv4, Location: 中国-山东-东营, ISP: 联通, Date: None, Delay: 12376 ms, Speed: 0.07 M/s, Resolution: 1920x1080
Name: 东方卫视, URL: http://123.129.70.178/rtp/239.253.254.86:8000$山东联通组播源-cache:123.129.70.178, From: multicast, IPv_Type: ipv4, Location: 中国-山东-东营, ISP: 联通, Date: 2024-02-07, Delay: 12376 ms, Speed: 0.07 M/s, Resolution: 1920x1080
Name: 东方卫视, URL: http://61.136.172.236:9901/tsfile/live/0107_1.m3u8, From: subscribe, IPv_Type: ipv4, Location: 中国-湖北-黄石, ISP: 电信, Date: None, Delay: 12101 ms, Speed: 0.00 M/s, Resolution: None
Name: 东方卫视, URL: http://61.136.172.236:9901/tsfile/live/0107_1.m3u8?key=txiptv&playlive=1&authid=0, From: subscribe, IPv_Type: ipv4, Location: 中国-湖北-黄石, ISP: 电信, Date: None, Delay: 12101 ms, Speed: 0.00 M/s, Resolution: None
Name: 东方卫视, URL: rtsp://183.59.156.166/PLTV/88888905/224/3221227299/10000100000000060000000001141344_0.smil?rrsip=125.88.104.40, From: subscribe, IPv_Type: ipv4, Location: 中国-广东-广州, ISP: 电信, Date: None, Delay: 12006 ms, Speed: 0.00 M/s, Resolution: None
Name: 东方卫视, URL: http://222.169.85.8:9901/tsfile/live/0018_1.m3u8?key=txiptv, From: subscribe, IPv_Type: ipv4, Location: 中国-吉林-辽源, ISP: 电信, Date: None, Delay: 12821 ms, Speed: 0.00 M/s, Resolution: None
Name: 东方卫视, URL: rtsp://183.59.156.166/PLTV/88888905/224/3221227299/10000100000000060000000001141344_0.smil?rrsip=125.88.104.40, From: subscribe, IPv_Type: ipv4, Location: 中国-广东-广州, ISP: 电信, Date: None, Delay: 12006 ms, Speed: 0.00 M/s, Resolution: None
Name: 东南卫视, URL: https://iptv.catvod.com/live.php?id=%E4%B8%9C%E5%8D%97%E5%8D%AB%E8%A7%86%E5%8F%B0, From: subscribe, IPv_Type: ipv6, Location: 美国, ISP: CloudFlare Inc., Date: None, Delay: 86 ms, Speed: 11.74 M/s, Resolution: 1920x1080
Name: 东南卫视, URL: https://iptv.catvod.com/live.php?id=%E4%B8%9C%E5%8D%97%E5%8D%AB%E8%A7%86, From: subscribe, IPv_Type: ipv4, Location: 美国-加利福尼亚州-洛杉矶, ISP: IT7网络, Date: None, Delay: 86 ms, Speed: 11.74 M/s, Resolution: 1920x1080
Name: 东南卫视, URL: https://iptv.catvod.com/live.php?id=%E4%B8%9C%E5%8D%97%E5%8D%AB%E8%A7%86&line=1, From: subscribe, IPv_Type: ipv4, Location: 美国-加利福尼亚州-洛杉矶, ISP: IT7网络, Date: None, Delay: 86 ms, Speed: 11.74 M/s, Resolution: 1920x1080
Name: 东南卫视, URL: https://iptv.catvod.com/live.php?id=%E4%B8%9C%E5%8D%97%E5%8D%AB%E8%A7%86&line=2, From: subscribe, IPv_Type: ipv4, Location: 美国-加利福尼亚州-洛杉矶, ISP: IT7网络, Date: None, Delay: 86 ms, Speed: 11.74 M/s, Resolution: 1920x1080
Name: 东南卫视, URL: https://iptv.catvod.com/live.php?id=%E4%B8%9C%E5%8D%97%E5%8D%AB%E8%A7%86&line=3, From: subscribe, IPv_Type: ipv4, Location: 美国-加利福尼亚州-洛杉矶, ISP: IT7网络, Date: None, Delay: 86 ms, Speed: 11.74 M/s, Resolution: 1920x1080
Name: 东南卫视, URL: https://iptv.catvod.com/live.php?id=%E4%B8%9C%E5%8D%97%E5%8D%AB%E8%A7%86&line=4, From: subscribe, IPv_Type: ipv4, Location: 美国-加利福尼亚州-洛杉矶, ISP: IT7网络, Date: None, Delay: 86 ms, Speed: 11.74 M/s, Resolution: 1920x1080
Name: 东南卫视, URL: http://php.jdshipin.com/TVOD/hnyd.php?id=200000001898/460000089800010096, From: subscribe, IPv_Type: ipv6, Location: 美国, ISP: CloudFlare Inc., Date: None, Delay: 828 ms, Speed: 9.85 M/s, Resolution: 1920x1080
Name: 东南卫视, URL: http://38.75.136.137:98/gslb/dsdqpub/dnwshd.m3u8?auth=testpub, From: subscribe, IPv_Type: ipv4, Location: 美国-伊利诺伊州-库克, ISP: Cogent, Date: None, Delay: 468 ms, Speed: 9.46 M/s, Resolution: 1920x1080
Name: 东南卫视, URL: http://38.75.136.137:98/gslb/dsdqca/dnwshd.m3u8?auth=test20251009, From: subscribe, IPv_Type: ipv4, Location: 美国-伊利诺伊州-库克, ISP: Cogent, Date: None, Delay: 468 ms, Speed: 9.46 M/s, Resolution: 1920x1080
Name: 东南卫视, URL: http://23.237.228.134/live6/dongnan.m3u8, From: subscribe, IPv_Type: ipv4, Location: 北美地区, ISP: , Date: None, Delay: 331 ms, Speed: 8.14 M/s, Resolution: 1920x1080
Name: 东南卫视, URL: http://23.237.228.134/live8/gansu.m3u8, From: subscribe, IPv_Type: ipv4, Location: 北美地区, ISP: , Date: None, Delay: 331 ms, Speed: 8.14 M/s, Resolution: 1920x1080
Name: 东南卫视, URL: http://39.106.167.36/migu.php?id=849116810, From: subscribe, IPv_Type: ipv4, Location: 中国-北京-北京, ISP: 阿里云, Date: None, Delay: 2231 ms, Speed: 0.64 M/s, Resolution: 854x480
Name: 东南卫视, URL: http://39.106.167.36/migu.php?id=849116810, From: subscribe, IPv_Type: ipv4, Location: 中国-北京-北京, ISP: 阿里云, Date: None, Delay: 2231 ms, Speed: 0.64 M/s, Resolution: 854x480
Name: 东南卫视, URL: http://live.zohi.tv/video/s10001-fztv-3/index.m3u8, From: subscribe, IPv_Type: ipv6, Location: 中国, ISP: 中国电信, Date: None, Delay: 1448 ms, Speed: 0.24 M/s, Resolution: 1920x1080
Name: 东南卫视, URL: http://live.zohi.tv/video/s10001-fztv-3/index.m3u8, From: subscribe, IPv_Type: ipv6, Location: 中国, ISP: 中国电信, Date: None, Delay: 1448 ms, Speed: 0.24 M/s, Resolution: 1920x1080
Name: 东南卫视, URL: http://39.152.103.17:8089/tsfile/live/1081_1.m3u8, From: subscribe, IPv_Type: ipv4, Location: 中国-辽宁-阜新, ISP: 移动, Date: None, Delay: 12769 ms, Speed: 0.11 M/s, Resolution: None
Name: 东南卫视, URL: http://123.129.70.178:9901/tsfile/live/0137_1.m3u8?key=txiptv&playlive=1&authid=0, From: subscribe, IPv_Type: ipv4, Location: 中国-山东-东营, ISP: 联通, Date: None, Delay: 12376 ms, Speed: 0.07 M/s, Resolution: 1920x1080
Name: 东南卫视, URL: http://123.129.70.178:9901/tsfile/live/0137_1.m3u8, From: subscribe, IPv_Type: ipv4, Location: 中国-山东-东营, ISP: 联通, Date: None, Delay: 12376 ms, Speed: 0.07 M/s, Resolution: 1920x1080
Name: 东南卫视, URL: http://123.129.70.178/rtp/239.253.254.105:8000$山东联通组播源-cache:123.129.70.178, From: multicast, IPv_Type: ipv4, Location: 中国-山东-东营, ISP: 联通, Date: 2024-02-07, Delay: 12376 ms, Speed: 0.07 M/s, Resolution: 1920x1080
Name: 东南卫视, URL: http://61.136.172.236:9901/tsfile/live/0137_1.m3u8?key=txiptv&playlive=1&authid=0, From: subscribe, IPv_Type: ipv4, Location: 中国-湖北-黄石, ISP: 电信, Date: None, Delay: 12101 ms, Speed: 0.00 M/s, Resolution: None
Name: 东南卫视, URL: http://61.136.172.236:9901/tsfile/live/0137_1.m3u8, From: subscribe, IPv_Type: ipv4, Location: 中国-湖北-黄石, ISP: 电信, Date: None, Delay: 12101 ms, Speed: 0.00 M/s, Resolution: None
Name: 东南卫视, URL: rtsp://183.59.156.166/PLTV/88888905/224/3221229798/10000100000000060000000009574969_0.smil?rrsip=125.88.104.40, From: subscribe, IPv_Type: ipv4, Location: 中国-广东-广州, ISP: 电信, Date: None, Delay: 12006 ms, Speed: 0.00 M/s, Resolution: None
Name: 甘肃卫视, URL: https://iptv.catvod.com/live.php?id=%E7%94%98%E8%82%83%E5%8D%AB%E8%A7%86%E5%8F%B0, From: subscribe, IPv_Type: ipv6, Location: 美国, ISP: CloudFlare Inc., Date: None, Delay: 86 ms, Speed: 11.74 M/s, Resolution: 1920x1080
Name: 甘肃卫视, URL: https://iptv.catvod.com/live.php?id=%E7%94%98%E8%82%83%E5%8D%AB%E8%A7%86, From: subscribe, IPv_Type: ipv4, Location: 美国-加利福尼亚州-洛杉矶, ISP: IT7网络, Date: None, Delay: 86 ms, Speed: 11.74 M/s, Resolution: 1920x1080
Name: 甘肃卫视, URL: https://iptv.catvod.com/live.php?id=%E7%94%98%E8%82%83%E5%8D%AB%E8%A7%86&line=1, From: subscribe, IPv_Type: ipv4, Location: 美国-加利福尼亚州-洛杉矶, ISP: IT7网络, Date: None, Delay: 86 ms, Speed: 11.74 M/s, Resolution: 1920x1080
Name: 甘肃卫视, URL: https://iptv.catvod.com/live.php?id=%E7%94%98%E8%82%83%E5%8D%AB%E8%A7%86&line=2, From: subscribe, IPv_Type: ipv4, Location: 美国-加利福尼亚州-洛杉矶, ISP: IT7网络, Date: None, Delay: 86 ms, Speed: 11.74 M/s, Resolution: 1920x1080
Name: 甘肃卫视, URL: https://iptv.catvod.com/live.php?id=%E7%94%98%E8%82%83%E5%8D%AB%E8%A7%86&line=3, From: subscribe, IPv_Type: ipv4, Location: 美国-加利福尼亚州-洛杉矶, ISP: IT7网络, Date: None, Delay: 86 ms, Speed: 11.74 M/s, Resolution: 1920x1080
Name: 甘肃卫视, URL: http://php.jdshipin.com/TVOD/hnyd.php?id=200000001898/460000089800010098, From: subscribe, IPv_Type: ipv6, Location: 美国, ISP: CloudFlare Inc., Date: None, Delay: 828 ms, Speed: 9.85 M/s, Resolution: 1920x1080
Name: 甘肃卫视, URL: http://38.75.136.137:98/gslb/dsdqpub/gswshd.m3u8?auth=testpub, From: subscribe, IPv_Type: ipv4, Location: 美国-伊利诺伊州-库克, ISP: Cogent, Date: None, Delay: 468 ms, Speed: 9.46 M/s, Resolution: 1920x1080
Name: 甘肃卫视, URL: http://23.237.228.134/live8/gansu.m3u8, From: subscribe, IPv_Type: ipv4, Location: 北美地区, ISP: , Date: None, Delay: 331 ms, Speed: 8.14 M/s, Resolution: 1920x1080
Name: 甘肃卫视, URL: http://live.zohi.tv/video/s10001-fztv-3/index.m3u8, From: subscribe, IPv_Type: ipv6, Location: 中国, ISP: 中国电信, Date: None, Delay: 1448 ms, Speed: 0.24 M/s, Resolution: 1920x1080
Name: 甘肃卫视, URL: http://123.129.70.178/rtp/239.253.254.74:8000$山东联通组播源-cache:123.129.70.178, From: multicast, IPv_Type: ipv4, Location: 中国-山东-东营, ISP: 联通, Date: 2024-02-07, Delay: 12376 ms, Speed: 0.07 M/s, Resolution: 1920x1080
Name: 甘肃卫视, URL: rtsp://183.59.156.166/PLTV/88888905/224/3221230176/527111724.smil?rrsip=125.88.104.40, From: subscribe, IPv_Type: ipv4, Location: 中国-广东-广州, ISP: 电信, Date: None, Delay: 12006 ms, Speed: 0.00 M/s, Resolution: None
Name: 广西卫视, URL: rtmp://live.gxrb.com.cn/hls/a23, From: subscribe, IPv_Type: ipv4, Location: 中国-广西-南宁, ISP: 电信, Date: None, Delay: -1 ms, Speed: inf M/s, Resolution: 1280x720
Name: 广西卫视, URL: https://iptv.catvod.com/live.php?id=%E5%B9%BF%E8%A5%BF%E5%8D%AB%E8%A7%86%E5%8F%B0, From: subscribe, IPv_Type: ipv6, Location: 美国, ISP: CloudFlare Inc., Date: None, Delay: 86 ms, Speed: 11.74 M/s, Resolution: 1920x1080
Name: 广西卫视, URL: https://iptv.catvod.com/live.php?id=%E5%B9%BF%E8%A5%BF%E5%8D%AB%E8%A7%86, From: subscribe, IPv_Type: ipv6, Location: 美国, ISP: CloudFlare Inc., Date: None, Delay: 86 ms, Speed: 11.74 M/s, Resolution: 1920x1080
Name: 广西卫视, URL: https://iptv.catvod.com/live.php?id=%E5%B9%BF%E8%A5%BF%E5%8D%AB%E8%A7%86&line=1, From: subscribe, IPv_Type: ipv4, Location: 美国-加利福尼亚州-洛杉矶, ISP: IT7网络, Date: None, Delay: 86 ms, Speed: 11.74 M/s, Resolution: 1920x1080
Name: 广西卫视, URL: https://iptv.catvod.com/live.php?id=%E5%B9%BF%E8%A5%BF%E5%8D%AB%E8%A7%86&line=2, From: subscribe, IPv_Type: ipv4, Location: 美国-加利福尼亚州-洛杉矶, ISP: IT7网络, Date: None, Delay: 86 ms, Speed: 11.74 M/s, Resolution: 1920x1080
Name: 广西卫视, URL: http://php.jdshipin.com/TVOD/hljyd.php?id=3221226549, From: subscribe, IPv_Type: ipv6, Location: 美国, ISP: CloudFlare Inc., Date: None, Delay: 828 ms, Speed: 9.85 M/s, Resolution: 1920x1080
Name: 广西卫视, URL: http://38.75.136.137:98/gslb/dsdqca/gxwshd.m3u8?auth=test20251009, From: subscribe, IPv_Type: ipv4, Location: 美国-伊利诺伊州-库克, ISP: Cogent, Date: None, Delay: 468 ms, Speed: 9.46 M/s, Resolution: 1920x1080
Name: 广西卫视, URL: http://38.75.136.137:98/gslb/dsdqpub/gxwshd.m3u8?auth=testpub, From: subscribe, IPv_Type: ipv4, Location: 美国-伊利诺伊州-库克, ISP: Cogent, Date: None, Delay: 468 ms, Speed: 9.46 M/s, Resolution: 1920x1080
Name: 广西卫视, URL: http://23.237.228.134/live6/guangxi.m3u8, From: subscribe, IPv_Type: ipv4, Location: 北美地区, ISP: , Date: None, Delay: 331 ms, Speed: 8.14 M/s, Resolution: 1920x1080
Name: 广西卫视, URL: http://23.237.228.134/live6/guizhou.m3u8, From: subscribe, IPv_Type: ipv4, Location: 北美地区, ISP: , Date: None, Delay: 331 ms, Speed: 8.14 M/s, Resolution: 1920x1080
Name: 广西卫视, URL: https://hlscdn.liangtv.cn/live/0c4ef3a44b934cacb8b47121dfada66c/d7e04258157b480dae53883cc6f8123b.m3u8, From: subscribe, IPv_Type: ipv6, Location: 中国-江苏-扬州, ISP: 电信, Date: None, Delay: 3587 ms, Speed: 0.73 M/s, Resolution: 1920x1080
Name: 广西卫视, URL: https://hlscdn.liangtv.cn/live/0c4ef3a44b934cacb8b47121dfada66c/d7e04258157b480dae53883cc6f8123b.m3u8, From: subscribe, IPv_Type: ipv6, Location: 中国-江苏-扬州, ISP: 电信, Date: None, Delay: 3587 ms, Speed: 0.73 M/s, Resolution: 1920x1080
Name: 广西卫视, URL: http://112.123.243.37:50085/tsfile/live/0137_1.m3u8?key=txiptv&playlive=0&authid=0, From: subscribe, IPv_Type: ipv4, Location: 中国-安徽-黄山, ISP: 联通, Date: None, Delay: 12582 ms, Speed: 0.27 M/s, Resolution: 720x576
Name: 广西卫视, URL: http://112.123.243.37:50085/tsfile/live/0137_1.m3u8?key=txiptv&playlive=0&authid=0, From: subscribe, IPv_Type: ipv4, Location: 中国-安徽-黄山, ISP: 联通, Date: None, Delay: 12582 ms, Speed: 0.27 M/s, Resolution: 720x576
Name: 广西卫视, URL: http://39.152.103.17:8089/tsfile/live/1077_1.m3u8, From: subscribe, IPv_Type: ipv4, Location: 中国-辽宁-阜新, ISP: 移动, Date: None, Delay: 12769 ms, Speed: 0.11 M/s, Resolution: None
Name: 广西卫视, URL: http://123.129.70.178/rtp/239.253.254.197:8000$山东联通组播源-cache:123.129.70.178, From: multicast, IPv_Type: ipv4, Location: 中国-山东-东营, ISP: 联通, Date: 2024-02-07, Delay: 12376 ms, Speed: 0.07 M/s, Resolution: 1920x1080
Name: 广西卫视, URL: http://61.136.172.236:9901/tsfile/live/0113_1.m3u8?key=txiptv&playlive=1&authid=0, From: subscribe, IPv_Type: ipv4, Location: 中国-湖北-黄石, ISP: 电信, Date: None, Delay: 12101 ms, Speed: 0.00 M/s, Resolution: None
Name: 广西卫视, URL: http://61.136.172.236:9901/tsfile/live/0113_1.m3u8, From: subscribe, IPv_Type: ipv4, Location: 中国-湖北-黄石, ISP: 电信, Date: None, Delay: 12101 ms, Speed: 0.00 M/s, Resolution: None
Name: 广西卫视, URL: http://222.169.85.8:9901/tsfile/live/0113_1.m3u8?key=txiptv&playlive=1&authid=0#rtsp://115.85.232.19/PLTV/88888910/224/3221225552/10000100000000060000000000107332_0.smil, From: subscribe, IPv_Type: ipv4, Location: 中国-吉林-辽源, ISP: 电信, Date: None, Delay: 12821 ms, Speed: 0.00 M/s, Resolution: None
Name: 广西卫视, URL: http://222.169.85.8:9901/tsfile/live/0113_1.m3u8, From: subscribe, IPv_Type: ipv4, Location: 中国-吉林-辽源, ISP: 电信, Date: None, Delay: 12821 ms, Speed: 0.00 M/s, Resolution: None
Name: 广西卫视, URL: http://222.169.85.8:9901/tsfile/live/0113_1.m3u8?key=txiptv&playlive=1&authid=0, From: subscribe, IPv_Type: ipv4, Location: 中国-吉林-辽源, ISP: 电信, Date: None, Delay: 12821 ms, Speed: 0.00 M/s, Resolution: None
Name: 广西卫视, URL: http://222.169.85.8:9901/tsfile/live/0113_1.m3u8?key=txiptv, From: subscribe, IPv_Type: ipv4, Location: 中国-吉林-辽源, ISP: 电信, Date: None, Delay: 12821 ms, Speed: 0.00 M/s, Resolution: None
Name: 广西卫视, URL: rtsp://183.59.156.166/PLTV/88888905/224/3221229990/10000100000000060000000010232875_0.smil?rrsip=125.88.104.40, From: subscribe, IPv_Type: ipv4, Location: 中国-广东-广州, ISP: 电信, Date: None, Delay: 12006 ms, Speed: 0.00 M/s, Resolution: None
Name: 广西卫视, URL: http://222.169.85.8:9901/tsfile/live/0113_1.m3u8?key=txiptv&playlive=1&authid=09, From: subscribe, IPv_Type: ipv4, Location: 中国-吉林-辽源, ISP: 电信, Date: None, Delay: 12821 ms, Speed: 0.00 M/s, Resolution: None
Name: 贵州卫视, URL: https://iptv.catvod.com/live.php?id=%E8%B4%B5%E5%B7%9E%E5%8D%AB%E8%A7%86%E5%8F%B0, From: subscribe, IPv_Type: ipv6, Location: 美国, ISP: CloudFlare Inc., Date: None, Delay: 86 ms, Speed: 11.74 M/s, Resolution: 1920x1080
Name: 贵州卫视, URL: https://iptv.catvod.com/live.php?id=%E8%B4%B5%E5%B7%9E%E5%8D%AB%E8%A7%86, From: subscribe, IPv_Type: ipv4, Location: 美国-加利福尼亚州-洛杉矶, ISP: IT7网络, Date: None, Delay: 86 ms, Speed: 11.74 M/s, Resolution: 1920x1080
Name: 贵州卫视, URL: https://iptv.catvod.com/live.php?id=%E8%B4%B5%E5%B7%9E%E5%8D%AB%E8%A7%86&line=1, From: subscribe, IPv_Type: ipv4, Location: 美国-加利福尼亚州-洛杉矶, ISP: IT7网络, Date: None, Delay: 86 ms, Speed: 11.74 M/s, Resolution: 1920x1080
Name: 贵州卫视, URL: https://iptv.catvod.com/live.php?id=%E8%B4%B5%E5%B7%9E%E5%8D%AB%E8%A7%86&line=2, From: subscribe, IPv_Type: ipv4, Location: 美国-加利福尼亚州-洛杉矶, ISP: IT7网络, Date: None, Delay: 86 ms, Speed: 11.74 M/s, Resolution: 1920x1080
Name: 贵州卫视, URL: https://iptv.catvod.com/live.php?id=%E8%B4%B5%E5%B7%9E%E5%8D%AB%E8%A7%86&line=3, From: subscribe, IPv_Type: ipv4, Location: 美国-加利福尼亚州-洛杉矶, ISP: IT7网络, Date: None, Delay: 86 ms, Speed: 11.74 M/s, Resolution: 1920x1080
Name: 贵州卫视, URL: https://iptv.catvod.com/live.php?id=%E8%B4%B5%E5%B7%9E%E5%8D%AB%E8%A7%86&line=4, From: subscribe, IPv_Type: ipv4, Location: 美国-加利福尼亚州-洛杉矶, ISP: IT7网络, Date: None, Delay: 86 ms, Speed: 11.74 M/s, Resolution: 1920x1080
Name: 贵州卫视, URL: http://php.jdshipin.com/TVOD/hljyd.php?id=3221226474, From: subscribe, IPv_Type: ipv6, Location: 美国, ISP: CloudFlare Inc., Date: None, Delay: 828 ms, Speed: 9.85 M/s, Resolution: 1920x1080
Name: 贵州卫视, URL: http://38.75.136.137:98/gslb/dsdqpub/gzwshd.m3u8?auth=testpub, From: subscribe, IPv_Type: ipv4, Location: 美国-伊利诺伊州-库克, ISP: Cogent, Date: None, Delay: 468 ms, Speed: 9.46 M/s, Resolution: 1920x1080
Name: 贵州卫视, URL: http://23.237.228.134/live6/guizhou.m3u8, From: subscribe, IPv_Type: ipv4, Location: 北美地区, ISP: , Date: None, Delay: 331 ms, Speed: 8.14 M/s, Resolution: 1920x1080
Name: 贵州卫视, URL: http://23.237.228.134/live6/hainan.m3u8, From: subscribe, IPv_Type: ipv4, Location: 北美地区, ISP: , Date: None, Delay: 331 ms, Speed: 8.14 M/s, Resolution: 1920x1080
Name: 贵州卫视, URL: http://112.123.243.37:50085/tsfile/live/0130_2.m3u8?key=txiptv&playlive=0&authid=0, From: subscribe, IPv_Type: ipv4, Location: 中国-安徽-黄山, ISP: 联通, Date: None, Delay: 12582 ms, Speed: 0.27 M/s, Resolution: 720x576
Name: 贵州卫视, URL: http://112.123.243.37:50085/tsfile/live/0130_2.m3u8, From: subscribe, IPv_Type: ipv4, Location: 中国-安徽-黄山, ISP: 联通, Date: None, Delay: 12582 ms, Speed: 0.27 M/s, Resolution: 720x576
Name: 贵州卫视, URL: http://39.152.103.17:8089/tsfile/live/1041_1.m3u8, From: subscribe, IPv_Type: ipv4, Location: 中国-辽宁-阜新, ISP: 移动, Date: None, Delay: 12769 ms, Speed: 0.11 M/s, Resolution: None
Name: 贵州卫视, URL: http://123.129.70.178/rtp/239.253.254.113:8000$山东联通组播源-cache:123.129.70.178, From: multicast, IPv_Type: ipv4, Location: 中国-山东-东营, ISP: 联通, Date: 2024-02-07, Delay: 12376 ms, Speed: 0.07 M/s, Resolution: 1920x1080
Name: 贵州卫视, URL: http://61.136.172.236:9901/tsfile/live/0120_1.m3u8?key=txiptv&playlive=1&authid=0, From: subscribe, IPv_Type: ipv4, Location: 中国-湖北-黄石, ISP: 电信, Date: None, Delay: 12101 ms, Speed: 0.00 M/s, Resolution: None
Name: 贵州卫视, URL: http://61.136.172.236:9901/tsfile/live/0120_1.m3u8, From: subscribe, IPv_Type: ipv4, Location: 中国-湖北-黄石, ISP: 电信, Date: None, Delay: 12101 ms, Speed: 0.00 M/s, Resolution: None
Name: 贵州卫视, URL: rtsp://10.15.250.13/PLTV/88888888/224/3221226746/10000100000000060000000006519582_0.smil, From: subscribe, IPv_Type: ipv4, Location: IANA, ISP: 局域网IP(Private-Use), Date: None, Delay: 12008 ms, Speed: 0.00 M/s, Resolution: None
Name: 贵州卫视, URL: http://222.169.85.8:9901/tsfile/live/0120_1.m3u8?key=txiptv&playlive=1&authid=0, From: subscribe, IPv_Type: ipv4, Location: 中国-吉林-辽源, ISP: 电信, Date: None, Delay: 12821 ms, Speed: 0.00 M/s, Resolution: None
Name: 贵州卫视, URL: http://222.169.85.8:9901/tsfile/live/0120_1.m3u8?key=txiptv&amp;playlive=1&amp;authid=0, From: subscribe, IPv_Type: ipv4, Location: 中国-吉林-辽源, ISP: 电信, Date: None, Delay: 12821 ms, Speed: 0.00 M/s, Resolution: None
Name: 贵州卫视, URL: http://222.169.85.8:9901/tsfile/live/0120_1.m3u8, From: subscribe, IPv_Type: ipv4, Location: 中国-吉林-辽源, ISP: 电信, Date: None, Delay: 12821 ms, Speed: 0.00 M/s, Resolution: None
Name: 贵州卫视, URL: http://222.169.85.8:9901/tsfile/live/0120_1.m3u8?key=txiptv&amp;amp;playlive=1&amp;amp;authid=0, From: subscribe, IPv_Type: ipv4, Location: 中国-吉林-辽源, ISP: 电信, Date: None, Delay: 12821 ms, Speed: 0.00 M/s, Resolution: None
Name: 贵州卫视, URL: http://222.169.85.8:9901/tsfile/live/0120_1.m3u8?key=txiptv, From: subscribe, IPv_Type: ipv4, Location: 中国-吉林-辽源, ISP: 电信, Date: None, Delay: 12821 ms, Speed: 0.00 M/s, Resolution: None
Name: 贵州卫视, URL: rtsp://10.15.250.13/PLTV/88888888/224/3221226746/10000100000000060000000006519582_0.smil, From: subscribe, IPv_Type: ipv4, Location: IANA, ISP: 局域网IP(Private-Use), Date: None, Delay: 12008 ms, Speed: 0.00 M/s, Resolution: None
Name: 贵州卫视, URL: rtsp://183.59.156.166/PLTV/88888905/224/3221228286/10000100000000060000000007781468_0.smil?rrsip=125.88.104.40, From: subscribe, IPv_Type: ipv4, Location: 中国-广东-广州, ISP: 电信, Date: None, Delay: 12006 ms, Speed: 0.00 M/s, Resolution: None
Name: 海南卫视, URL: https://iptv.catvod.com/live.php?id=%E6%B5%B7%E5%8D%97%E5%8D%AB%E8%A7%86, From: subscribe, IPv_Type: ipv6, Location: 美国, ISP: CloudFlare Inc., Date: None, Delay: 86 ms, Speed: 11.74 M/s, Resolution: 1920x1080
Name: 海南卫视, URL: https://iptv.catvod.com/live.php?id=%E6%B5%B7%E5%8D%97%E5%8D%AB%E8%A7%86%E5%8F%B0, From: subscribe, IPv_Type: ipv6, Location: 美国, ISP: CloudFlare Inc., Date: None, Delay: 86 ms, Speed: 11.74 M/s, Resolution: 1920x1080
Name: 海南卫视, URL: https://iptv.catvod.com/live.php?id=%E6%B5%B7%E5%8D%97%E5%8D%AB%E8%A7%86&line=1, From: subscribe, IPv_Type: ipv4, Location: 美国-加利福尼亚州-洛杉矶, ISP: IT7网络, Date: None, Delay: 86 ms, Speed: 11.74 M/s, Resolution: 1920x1080
Name: 海南卫视, URL: https://iptv.catvod.com/live.php?id=%E6%B5%B7%E5%8D%97%E5%8D%AB%E8%A7%86&line=2, From: subscribe, IPv_Type: ipv4, Location: 美国-加利福尼亚州-洛杉矶, ISP: IT7网络, Date: None, Delay: 86 ms, Speed: 11.74 M/s, Resolution: 1920x1080
Name: 海南卫视, URL: https://iptv.catvod.com/live.php?id=%E6%B5%B7%E5%8D%97%E5%8D%AB%E8%A7%86&line=3, From: subscribe, IPv_Type: ipv4, Location: 美国-加利福尼亚州-洛杉矶, ISP: IT7网络, Date: None, Delay: 86 ms, Speed: 11.74 M/s, Resolution: 1920x1080
Name: 海南卫视, URL: https://iptv.catvod.com/live.php?id=%E6%B5%B7%E5%8D%97%E5%8D%AB%E8%A7%86&line=4, From: subscribe, IPv_Type: ipv4, Location: 美国-加利福尼亚州-洛杉矶, ISP: IT7网络, Date: None, Delay: 86 ms, Speed: 11.74 M/s, Resolution: 1920x1080
Name: 海南卫视, URL: https://iptv.catvod.com/live.php?id=%E6%B5%B7%E5%8D%97%E5%8D%AB%E8%A7%86&line=5, From: subscribe, IPv_Type: ipv4, Location: 美国-加利福尼亚州-洛杉矶, ISP: IT7网络, Date: None, Delay: 86 ms, Speed: 11.74 M/s, Resolution: 1920x1080
Name: 海南卫视, URL: http://php.jdshipin.com/TVOD/hnyd.php?id=200000001898/460000089800010083, From: subscribe, IPv_Type: ipv6, Location: 美国, ISP: CloudFlare Inc., Date: None, Delay: 828 ms, Speed: 9.85 M/s, Resolution: 1920x1080
Name: 海南卫视, URL: http://23.237.228.134/live6/hainan.m3u8, From: subscribe, IPv_Type: ipv4, Location: 北美地区, ISP: , Date: None, Delay: 331 ms, Speed: 8.14 M/s, Resolution: 1920x1080
Name: 海南卫视, URL: http://satellitepull.cnr.cn/live/wxhainlyws/playlist.m3u8, From: subscribe, IPv_Type: ipv4, Location: 美国-德克萨斯州-达拉斯, ISP: 网宿科技CDN节点, Date: None, Delay: 117 ms, Speed: 0.81 M/s, Resolution: None
Name: 海南卫视, URL: http://39.106.167.36/migu.php?id=947472502, From: subscribe, IPv_Type: ipv4, Location: 中国-北京-北京, ISP: 阿里云, Date: None, Delay: 2231 ms, Speed: 0.64 M/s, Resolution: 854x480
Name: 海南卫视, URL: http://39.152.103.17:8089/tsfile/live/1046_1.m3u8, From: subscribe, IPv_Type: ipv4, Location: 中国-辽宁-阜新, ISP: 移动, Date: None, Delay: 12769 ms, Speed: 0.11 M/s, Resolution: None
Name: 海南卫视, URL: http://111.221.137.234:44330/tsfile/live/0117_1.m3u8?key=txiptv&playlive=0&authid=0, From: subscribe, IPv_Type: ipv4, Location: 中国-广东-深圳, ISP: 天威视讯, Date: None, Delay: 12456 ms, Speed: 0.09 M/s, Resolution: None
Name: 海南卫视, URL: http://123.129.70.178/rtp/239.253.254.179:8000$山东联通组播源-cache:123.129.70.178, From: multicast, IPv_Type: ipv4, Location: 中国-山东-东营, ISP: 联通, Date: 2024-02-07, Delay: 12376 ms, Speed: 0.07 M/s, Resolution: 1920x1080
Name: 海南卫视, URL: rtsp://10.15.250.13/PLTV/88888888/224/3221226693/10000100000000060000000006385285_0.smil, From: subscribe, IPv_Type: ipv4, Location: IANA, ISP: 局域网IP(Private-Use), Date: None, Delay: 12008 ms, Speed: 0.00 M/s, Resolution: None
Name: 海南卫视, URL: rtsp://183.59.156.166/PLTV/88888905/224/3221230178/488773816.smil?rrsip=125.88.104.40, From: subscribe, IPv_Type: ipv4, Location: 中国-广东-广州, ISP: 电信, Date: None, Delay: 12006 ms, Speed: 0.00 M/s, Resolution: None
Name: 河北卫视, URL: https://iptv.catvod.com/live.php?id=%E6%B2%B3%E5%8C%97%E5%8D%AB%E8%A7%86, From: subscribe, IPv_Type: ipv6, Location: 美国, ISP: CloudFlare Inc., Date: None, Delay: 86 ms, Speed: 11.74 M/s, Resolution: 1920x1080
Name: 河北卫视, URL: https://iptv.catvod.com/live.php?id=%E6%B2%B3%E5%8C%97%E5%8D%AB%E8%A7%86&line=1, From: subscribe, IPv_Type: ipv4, Location: 美国-加利福尼亚州-洛杉矶, ISP: IT7网络, Date: None, Delay: 86 ms, Speed: 11.74 M/s, Resolution: 1920x1080
Name: 河北卫视, URL: https://iptv.catvod.com/live.php?id=%E6%B2%B3%E5%8C%97%E5%8D%AB%E8%A7%86&line=2, From: subscribe, IPv_Type: ipv4, Location: 美国-加利福尼亚州-洛杉矶, ISP: IT7网络, Date: None, Delay: 86 ms, Speed: 11.74 M/s, Resolution: 1920x1080
Name: 河北卫视, URL: https://iptv.catvod.com/live.php?id=%E6%B2%B3%E5%8C%97%E5%8D%AB%E8%A7%86&line=3, From: subscribe, IPv_Type: ipv4, Location: 美国-加利福尼亚州-洛杉矶, ISP: IT7网络, Date: None, Delay: 86 ms, Speed: 11.74 M/s, Resolution: 1920x1080
Name: 河北卫视, URL: https://iptv.catvod.com/live.php?id=%E6%B2%B3%E5%8C%97%E5%8D%AB%E8%A7%86&line=4, From: subscribe, IPv_Type: ipv4, Location: 美国-加利福尼亚州-洛杉矶, ISP: IT7网络, Date: None, Delay: 86 ms, Speed: 11.74 M/s, Resolution: 1920x1080
Name: 河北卫视, URL: https://iptv.catvod.com/live.php?id=%E6%B2%B3%E5%8C%97%E5%8D%AB%E8%A7%86&line=5, From: subscribe, IPv_Type: ipv4, Location: 美国-加利福尼亚州-洛杉矶, ISP: IT7网络, Date: None, Delay: 86 ms, Speed: 11.74 M/s, Resolution: 1920x1080
Name: 河北卫视, URL: http://php.jdshipin.com/TVOD/hnyd.php?id=200000001898/460000089800010101, From: subscribe, IPv_Type: ipv6, Location: 美国, ISP: CloudFlare Inc., Date: None, Delay: 828 ms, Speed: 9.85 M/s, Resolution: 1920x1080
Name: 河北卫视, URL: http://38.75.136.137:98/gslb/dsdqpub/hewshd.m3u8?auth=testpub, From: subscribe, IPv_Type: ipv4, Location: 美国-伊利诺伊州-库克, ISP: Cogent, Date: None, Delay: 468 ms, Speed: 9.46 M/s, Resolution: 1920x1080
Name: 河北卫视, URL: http://23.237.228.134/live8/hebei.m3u8, From: subscribe, IPv_Type: ipv4, Location: 北美地区, ISP: , Date: None, Delay: 331 ms, Speed: 8.14 M/s, Resolution: 1920x1080
Name: 河北卫视, URL: http://satellitepull.cnr.cn/live/wxhebws/playlist.m3u8, From: subscribe, IPv_Type: ipv4, Location: 美国-德克萨斯州-达拉斯, ISP: 网宿科技CDN节点, Date: None, Delay: 117 ms, Speed: 0.81 M/s, Resolution: None
Name: 河北卫视, URL: http://112.123.243.37:50085/tsfile/live/0018_1.m3u8, From: subscribe, IPv_Type: ipv4, Location: 中国-安徽-黄山, ISP: 联通, Date: None, Delay: 12582 ms, Speed: 0.27 M/s, Resolution: 720x576
Name: 河北卫视, URL: http://39.152.103.17:8089/tsfile/live/1079_1.m3u8, From: subscribe, IPv_Type: ipv4, Location: 中国-辽宁-阜新, ISP: 移动, Date: None, Delay: 12769 ms, Speed: 0.11 M/s, Resolution: None
Name: 河北卫视, URL: http://123.129.70.178/rtp/239.253.254.112:8000$山东联通组播源-cache:123.129.70.178, From: multicast, IPv_Type: ipv4, Location: 中国-山东-东营, ISP: 联通, Date: 2024-02-07, Delay: 12376 ms, Speed: 0.07 M/s, Resolution: 1920x1080
Name: 河北卫视, URL: http://61.136.172.236:9901/tsfile/live/0117_1.m3u8?key=txiptv&amp;playlive=1&amp;authid=0, From: subscribe, IPv_Type: ipv4, Location: 中国-湖北-黄石, ISP: 电信, Date: None, Delay: 12101 ms, Speed: 0.00 M/s, Resolution: None
Name: 河北卫视, URL: http://61.136.172.236:9901/tsfile/live/0117_1.m3u8, From: subscribe, IPv_Type: ipv4, Location: 中国-湖北-黄石, ISP: 电信, Date: None, Delay: 12101 ms, Speed: 0.00 M/s, Resolution: None
Name: 河北卫视, URL: http://61.136.172.236:9901/tsfile/live/0117_1.m3u8?key=txiptv&playlive=1&authid=0, From: subscribe, IPv_Type: ipv4, Location: 中国-湖北-黄石, ISP: 电信, Date: None, Delay: 12101 ms, Speed: 0.00 M/s, Resolution: None
Name: 河北卫视, URL: rtsp://183.59.156.166/PLTV/88888905/224/3221229830/10000100000000060000000009574961_0.smil?rrsip=125.88.104.40, From: subscribe, IPv_Type: ipv4, Location: 中国-广东-广州, ISP: 电信, Date: None, Delay: 12006 ms, Speed: 0.00 M/s, Resolution: None
Name: 河北卫视, URL: rtsp://10.15.250.13/PLTV/88888888/224/3221226919/402477919.smil, From: subscribe, IPv_Type: ipv4, Location: IANA, ISP: 局域网IP(Private-Use), Date: None, Delay: 12008 ms, Speed: 0.00 M/s, Resolution: None
Name: 河南卫视, URL: https://iptv.catvod.com/live.php?id=%E6%B2%B3%E5%8D%97%E5%8D%AB%E8%A7%86%E5%8F%B0, From: subscribe, IPv_Type: ipv6, Location: 美国, ISP: CloudFlare Inc., Date: None, Delay: 86 ms, Speed: 11.74 M/s, Resolution: 1920x1080
Name: 河南卫视, URL: https://iptv.catvod.com/live.php?id=%E6%B2%B3%E5%8D%97%E5%8D%AB%E8%A7%86, From: subscribe, IPv_Type: ipv6, Location: 美国, ISP: CloudFlare Inc., Date: None, Delay: 86 ms, Speed: 11.74 M/s, Resolution: 1920x1080
Name: 河南卫视, URL: https://iptv.catvod.com/live.php?id=%E6%B2%B3%E5%8D%97%E5%8D%AB%E8%A7%86&line=1, From: subscribe, IPv_Type: ipv4, Location: 美国-加利福尼亚州-洛杉矶, ISP: IT7网络, Date: None, Delay: 86 ms, Speed: 11.74 M/s, Resolution: 1920x1080
Name: 河南卫视, URL: https://iptv.catvod.com/live.php?id=%E6%B2%B3%E5%8D%97%E5%8D%AB%E8%A7%86&line=2, From: subscribe, IPv_Type: ipv4, Location: 美国-加利福尼亚州-洛杉矶, ISP: IT7网络, Date: None, Delay: 86 ms, Speed: 11.74 M/s, Resolution: 1920x1080
Name: 河南卫视, URL: https://iptv.catvod.com/live.php?id=%E6%B2%B3%E5%8D%97%E5%8D%AB%E8%A7%86&line=3, From: subscribe, IPv_Type: ipv4, Location: 美国-加利福尼亚州-洛杉矶, ISP: IT7网络, Date: None, Delay: 86 ms, Speed: 11.74 M/s, Resolution: 1920x1080
Name: 河南卫视, URL: https://iptv.catvod.com/live.php?id=%E6%B2%B3%E5%8D%97%E5%8D%AB%E8%A7%86&line=4, From: subscribe, IPv_Type: ipv4, Location: 美国-加利福尼亚州-洛杉矶, ISP: IT7网络, Date: None, Delay: 86 ms, Speed: 11.74 M/s, Resolution: 1920x1080
Name: 河南卫视, URL: https://iptv.catvod.com/live.php?id=%E6%B2%B3%E5%8D%97%E5%8D%AB%E8%A7%86&line=5, From: subscribe, IPv_Type: ipv4, Location: 美国-加利福尼亚州-洛杉矶, ISP: IT7网络, Date: None, Delay: 86 ms, Speed: 11.74 M/s, Resolution: 1920x1080
Name: 河南卫视, URL: http://php.jdshipin.com/TVOD/hljyd.php?id=3221226480, From: subscribe, IPv_Type: ipv6, Location: 美国, ISP: CloudFlare Inc., Date: None, Delay: 828 ms, Speed: 9.85 M/s, Resolution: 1920x1080
Name: 河南卫视, URL: http://38.75.136.137:98/gslb/dsdqpub/hawshd.m3u8?auth=testpub, From: subscribe, IPv_Type: ipv4, Location: 美国-伊利诺伊州-库克, ISP: Cogent, Date: None, Delay: 468 ms, Speed: 9.46 M/s, Resolution: 1920x1080
Name: 河南卫视, URL: http://23.237.228.134/live6/henan.m3u8, From: subscribe, IPv_Type: ipv4, Location: 北美地区, ISP: , Date: None, Delay: 331 ms, Speed: 8.14 M/s, Resolution: 1920x1080
Name: 河南卫视, URL: http://1.94.31.214/php/hntv.php?id=hnws, From: subscribe, IPv_Type: ipv4, Location: 中国-上海-上海, ISP: 华为云, Date: None, Delay: 469 ms, Speed: 2.62 M/s, Resolution: 1920x1080
Name: 河南卫视, URL: http://1.94.31.214/php/hntv.php?id=hnws, From: subscribe, IPv_Type: ipv4, Location: 中国-上海-上海, ISP: 华为云, Date: None, Delay: 469 ms, Speed: 2.62 M/s, Resolution: 1920x1080
Name: 河南卫视, URL: http://39.106.167.36/migu.php?id=790187291, From: subscribe, IPv_Type: ipv4, Location: 中国-北京-北京, ISP: 阿里云, Date: None, Delay: 2231 ms, Speed: 0.64 M/s, Resolution: 854x480
Name: 河南卫视, URL: http://112.123.243.37:50085/tsfile/live/0121_1.m3u8, From: subscribe, IPv_Type: ipv4, Location: 中国-安徽-黄山, ISP: 联通, Date: None, Delay: 12582 ms, Speed: 0.27 M/s, Resolution: 720x576
Name: 河南卫视, URL: http://39.152.103.17:8089/tsfile/live/1080_1.m3u8, From: subscribe, IPv_Type: ipv4, Location: 中国-辽宁-阜新, ISP: 移动, Date: None, Delay: 12769 ms, Speed: 0.11 M/s, Resolution: None
Name: 河南卫视, URL: http://111.221.137.234:44330/tsfile/live/0136_1.m3u8?key=txiptv&playlive=0&authid=0, From: subscribe, IPv_Type: ipv4, Location: 中国-广东-深圳, ISP: 天威视讯, Date: None, Delay: 12456 ms, Speed: 0.09 M/s, Resolution: None
Name: 河南卫视, URL: http://123.129.70.178/rtp/239.253.254.190:8000$山东联通组播源-cache:123.129.70.178, From: multicast, IPv_Type: ipv4, Location: 中国-山东-东营, ISP: 联通, Date: 2024-02-07, Delay: 12376 ms, Speed: 0.07 M/s, Resolution: 1920x1080
Name: 河南卫视, URL: http://sun135790.x3322.net:9901/tsfile/live/16036_1.m3u8?key=txiptv&playlive=1&authid=0, From: subscribe, IPv_Type: ipv4, Location: 中国-天津-天津, ISP: 联通, Date: None, Delay: 12542 ms, Speed: 0.03 M/s, Resolution: 1920x1080
Name: 河南卫视, URL: http://sun135790.x3322.net:9901/tsfile/live/16036_1.m3u8?key=txiptv&playlive=1&authid=0, From: subscribe, IPv_Type: ipv4, Location: 中国-天津-天津, ISP: 联通, Date: None, Delay: 12542 ms, Speed: 0.03 M/s, Resolution: 1920x1080
Name: 河南卫视, URL: http://61.136.172.236:9901/tsfile/live/0139_1.m3u8?key=txiptv&playlive=1&authid=0, From: subscribe, IPv_Type: ipv4, Location: 中国-湖北-黄石, ISP: 电信, Date: None, Delay: 12101 ms, Speed: 0.00 M/s, Resolution: None
Name: 河南卫视, URL: http://61.136.172.236:9901/tsfile/live/0139_1.m3u8, From: subscribe, IPv_Type: ipv4, Location: 中国-湖北-黄石, ISP: 电信, Date: None, Delay: 12101 ms, Speed: 0.00 M/s, Resolution: None
Name: 河南卫视, URL: http://222.169.85.8:9901/tsfile/live/0139_1.m3u8?key=txiptv&playlive=1&authid=0, From: subscribe, IPv_Type: ipv4, Location: 中国-吉林-辽源, ISP: 电信, Date: None, Delay: 12821 ms, Speed: 0.00 M/s, Resolution: None
Name: 河南卫视, URL: http://222.169.85.8:9901/tsfile/live/0139_1.m3u8?key=txiptv&amp;amp;playlive=1&amp;amp;authid=0, From: subscribe, IPv_Type: ipv4, Location: 中国-吉林-辽源, ISP: 电信, Date: None, Delay: 12821 ms, Speed: 0.00 M/s, Resolution: None
Name: 河南卫视, URL: http://222.169.85.8:9901/tsfile/live/0139_1.m3u8?key=txiptv&amp;playlive=1&amp;authid=0, From: subscribe, IPv_Type: ipv4, Location: 中国-吉林-辽源, ISP: 电信, Date: None, Delay: 12821 ms, Speed: 0.00 M/s, Resolution: None
Name: 河南卫视, URL: http://222.169.85.8:9901/tsfile/live/0139_1.m3u8, From: subscribe, IPv_Type: ipv4, Location: 中国-吉林-辽源, ISP: 电信, Date: None, Delay: 12821 ms, Speed: 0.00 M/s, Resolution: None
Name: 河南卫视, URL: rtsp://183.59.156.166/PLTV/88888905/224/3221230114/367378146.smil?rrsip=125.88.104.40, From: subscribe, IPv_Type: ipv4, Location: 中国-广东-广州, ISP: 电信, Date: None, Delay: 12006 ms, Speed: 0.00 M/s, Resolution: None
Name: 河南卫视, URL: rtsp://10.15.250.13/PLTV/88888888/224/3221226914/402478262.smil, From: subscribe, IPv_Type: ipv4, Location: IANA, ISP: 局域网IP(Private-Use), Date: None, Delay: 12008 ms, Speed: 0.00 M/s, Resolution: None
Name: 吉林卫视, URL: https://iptv.catvod.com/live.php?id=%E5%90%89%E6%9E%97%E5%8D%AB%E8%A7%86, From: subscribe, IPv_Type: ipv6, Location: 美国, ISP: CloudFlare Inc., Date: None, Delay: 86 ms, Speed: 11.74 M/s, Resolution: 1920x1080
Name: 吉林卫视, URL: https://iptv.catvod.com/live.php?id=%E5%90%89%E6%9E%97%E5%8D%AB%E8%A7%86%E5%8F%B0, From: subscribe, IPv_Type: ipv6, Location: 美国, ISP: CloudFlare Inc., Date: None, Delay: 86 ms, Speed: 11.74 M/s, Resolution: 1920x1080
Name: 吉林卫视, URL: https://iptv.catvod.com/live.php?id=%E5%90%89%E6%9E%97%E5%8D%AB%E8%A7%86&line=1, From: subscribe, IPv_Type: ipv4, Location: 美国-加利福尼亚州-洛杉矶, ISP: IT7网络, Date: None, Delay: 86 ms, Speed: 11.74 M/s, Resolution: 1920x1080
Name: 吉林卫视, URL: https://iptv.catvod.com/live.php?id=%E5%90%89%E6%9E%97%E5%8D%AB%E8%A7%86&line=2, From: subscribe, IPv_Type: ipv4, Location: 美国-加利福尼亚州-洛杉矶, ISP: IT7网络, Date: None, Delay: 86 ms, Speed: 11.74 M/s, Resolution: 1920x1080
Name: 吉林卫视, URL: https://iptv.catvod.com/live.php?id=%E5%90%89%E6%9E%97%E5%8D%AB%E8%A7%86&line=3, From: subscribe, IPv_Type: ipv4, Location: 美国-加利福尼亚州-洛杉矶, ISP: IT7网络, Date: None, Delay: 86 ms, Speed: 11.74 M/s, Resolution: 1920x1080
Name: 吉林卫视, URL: https://iptv.catvod.com/live.php?id=%E5%90%89%E6%9E%97%E5%8D%AB%E8%A7%86&line=4, From: subscribe, IPv_Type: ipv4, Location: 美国-加利福尼亚州-洛杉矶, ISP: IT7网络, Date: None, Delay: 86 ms, Speed: 11.74 M/s, Resolution: 1920x1080
Name: 吉林卫视, URL: https://iptv.catvod.com/live.php?id=%E5%90%89%E6%9E%97%E5%8D%AB%E8%A7%86&line=5, From: subscribe, IPv_Type: ipv4, Location: 美国-加利福尼亚州-洛杉矶, ISP: IT7网络, Date: None, Delay: 86 ms, Speed: 11.74 M/s, Resolution: 1920x1080
Name: 吉林卫视, URL: https://iptv.catvod.com/live.php?id=%E5%90%89%E6%9E%97%E5%8D%AB%E8%A7%86&line=6, From: subscribe, IPv_Type: ipv4, Location: 美国-加利福尼亚州-洛杉矶, ISP: IT7网络, Date: None, Delay: 86 ms, Speed: 11.74 M/s, Resolution: 1920x1080
Name: 吉林卫视, URL: https://iptv.catvod.com/live.php?id=%E5%90%89%E6%9E%97%E5%8D%AB%E8%A7%86&line=7, From: subscribe, IPv_Type: ipv4, Location: 美国-加利福尼亚州-洛杉矶, ISP: IT7网络, Date: None, Delay: 86 ms, Speed: 11.74 M/s, Resolution: 1920x1080
Name: 吉林卫视, URL: https://iptv.catvod.com/live.php?id=%E5%90%89%E6%9E%97%E5%8D%AB%E8%A7%86&line=8, From: subscribe, IPv_Type: ipv4, Location: 美国-加利福尼亚州-洛杉矶, ISP: IT7网络, Date: None, Delay: 86 ms, Speed: 11.74 M/s, Resolution: 1920x1080
Name: 吉林卫视, URL: http://php.jdshipin.com/TVOD/hnyd.php?id=200000001898/460000089800010075, From: subscribe, IPv_Type: ipv6, Location: 美国, ISP: CloudFlare Inc., Date: None, Delay: 828 ms, Speed: 9.85 M/s, Resolution: 1920x1080
Name: 吉林卫视, URL: http://38.75.136.137:98/gslb/dsdqpub/jlwshd.m3u8?auth=testpub, From: subscribe, IPv_Type: ipv4, Location: 美国-伊利诺伊州-库克, ISP: Cogent, Date: None, Delay: 468 ms, Speed: 9.46 M/s, Resolution: 1920x1080
Name: 吉林卫视, URL: http://23.237.228.134/live8/jilin.m3u8, From: subscribe, IPv_Type: ipv4, Location: 北美地区, ISP: , Date: None, Delay: 331 ms, Speed: 8.14 M/s, Resolution: 1920x1080
Name: 吉林卫视, URL: http://39.106.167.36/migu.php?id=947472500, From: subscribe, IPv_Type: ipv4, Location: 中国-北京-北京, ISP: 阿里云, Date: None, Delay: 2231 ms, Speed: 0.64 M/s, Resolution: 854x480
Name: 吉林卫视, URL: http://39.152.103.17:8089/tsfile/live/1047_1.m3u8, From: subscribe, IPv_Type: ipv4, Location: 中国-辽宁-阜新, ISP: 移动, Date: None, Delay: 12769 ms, Speed: 0.11 M/s, Resolution: None
Name: 吉林卫视, URL: http://111.221.137.234:44330/tsfile/live/0113_1.m3u8?key=txiptv&playlive=0&authid=0, From: subscribe, IPv_Type: ipv4, Location: 中国-广东-深圳, ISP: 天威视讯, Date: None, Delay: 12456 ms, Speed: 0.09 M/s, Resolution: None
Name: 吉林卫视, URL: http://123.129.70.178/rtp/239.253.254.173:8000$山东联通组播源-cache:123.129.70.178, From: multicast, IPv_Type: ipv4, Location: 中国-山东-东营, ISP: 联通, Date: 2024-02-07, Delay: 12376 ms, Speed: 0.07 M/s, Resolution: 1920x1080
Name: 吉林卫视, URL: http://sun135790.x3322.net:9901/tsfile/live/16033_1.m3u8?key=txiptv&playlive=1&authid=0, From: subscribe, IPv_Type: ipv4, Location: 中国-天津-天津, ISP: 联通, Date: None, Delay: 12542 ms, Speed: 0.03 M/s, Resolution: 1920x1080
Name: 吉林卫视, URL: http://61.136.172.236:9901/tsfile/live/0116_1.m3u8?key=txiptv&playlive=1&authid=0, From: subscribe, IPv_Type: ipv4, Location: 中国-湖北-黄石, ISP: 电信, Date: None, Delay: 12101 ms, Speed: 0.00 M/s, Resolution: None
Name: 吉林卫视, URL: http://61.136.172.236:9901/tsfile/live/0116_1.m3u8, From: subscribe, IPv_Type: ipv4, Location: 中国-湖北-黄石, ISP: 电信, Date: None, Delay: 12101 ms, Speed: 0.00 M/s, Resolution: None
Name: 吉林卫视, URL: rtsp://10.15.250.13/PLTV/88888888/224/3221226729/10000100000000060000000006519579_0.smil, From: subscribe, IPv_Type: ipv4, Location: IANA, ISP: 局域网IP(Private-Use), Date: None, Delay: 12008 ms, Speed: 0.00 M/s, Resolution: None
Name: 吉林卫视, URL: rtsp://183.59.156.166/PLTV/88888905/224/3221229881/10000100000000060000000009574938_0.smil?rrsip=125.88.104.40, From: subscribe, IPv_Type: ipv4, Location: 中国-广东-广州, ISP: 电信, Date: None, Delay: 12006 ms, Speed: 0.00 M/s, Resolution: None
Name: 江苏卫视, URL: https://txmov2.a.kwimgs.com/upic/2023/02/07/12/BMjAyMzAyMDcxMjQ3NDlfNzM5MzQzNzIyXzk1NjcxMTk5ODM5XzBfMw==_b_Bb92095c7df3c98b458dd14abf1d4b575.mp4, From: subscribe, IPv_Type: ipv4, Location: 美国-加利福尼亚州-圣克拉拉, ISP: 腾讯云, Date: None, Delay: 10 ms, Speed: 156.75 M/s, Resolution: 1280x720
Name: 江苏卫视, URL: https://iptv.catvod.com/live.php?id=%E6%B1%9F%E8%8B%8F%E5%8D%AB%E8%A7%86%E5%8F%B0, From: subscribe, IPv_Type: ipv6, Location: 美国, ISP: CloudFlare Inc., Date: None, Delay: 86 ms, Speed: 11.74 M/s, Resolution: 1920x1080
Name: 江苏卫视, URL: https://iptv.catvod.com/live.php?id=%E6%B1%9F%E8%8B%8F%E5%8D%AB%E8%A7%86, From: subscribe, IPv_Type: ipv6, Location: 美国, ISP: CloudFlare Inc., Date: None, Delay: 86 ms, Speed: 11.74 M/s, Resolution: 1920x1080
Name: 江苏卫视, URL: https://iptv.catvod.com/live.php?id=%E6%B1%9F%E8%8B%8F%E5%8D%AB%E8%A7%86&line=1, From: subscribe, IPv_Type: ipv4, Location: 美国-加利福尼亚州-洛杉矶, ISP: IT7网络, Date: None, Delay: 86 ms, Speed: 11.74 M/s, Resolution: 1920x1080
Name: 江苏卫视, URL: https://iptv.catvod.com/live.php?id=%E6%B1%9F%E8%8B%8F%E5%8D%AB%E8%A7%86&line=2, From: subscribe, IPv_Type: ipv4, Location: 美国-加利福尼亚州-洛杉矶, ISP: IT7网络, Date: None, Delay: 86 ms, Speed: 11.74 M/s, Resolution: 1920x1080
Name: 江苏卫视, URL: https://iptv.catvod.com/live.php?id=%E6%B1%9F%E8%8B%8F%E5%8D%AB%E8%A7%86&line=3, From: subscribe, IPv_Type: ipv4, Location: 美国-加利福尼亚州-洛杉矶, ISP: IT7网络, Date: None, Delay: 86 ms, Speed: 11.74 M/s, Resolution: 1920x1080
Name: 江苏卫视, URL: https://iptv.catvod.com/live.php?id=%E6%B1%9F%E8%8B%8F%E5%8D%AB%E8%A7%86&line=4, From: subscribe, IPv_Type: ipv4, Location: 美国-加利福尼亚州-洛杉矶, ISP: IT7网络, Date: None, Delay: 86 ms, Speed: 11.74 M/s, Resolution: 1920x1080
Name: 江苏卫视, URL: https://iptv.catvod.com/live.php?id=%E6%B1%9F%E8%8B%8F%E5%8D%AB%E8%A7%86&line=5, From: subscribe, IPv_Type: ipv4, Location: 美国-加利福尼亚州-洛杉矶, ISP: IT7网络, Date: None, Delay: 86 ms, Speed: 11.74 M/s, Resolution: 1920x1080
Name: 江苏卫视, URL: https://iptv.catvod.com/live.php?id=%E6%B1%9F%E8%8B%8F%E5%8D%AB%E8%A7%86&line=6, From: subscribe, IPv_Type: ipv4, Location: 美国-加利福尼亚州-洛杉矶, ISP: IT7网络, Date: None, Delay: 86 ms, Speed: 11.74 M/s, Resolution: 1920x1080
Name: 江苏卫视, URL: https://iptv.catvod.com/live.php?id=%E6%B1%9F%E8%8B%8F%E5%8D%AB%E8%A7%86&line=7, From: subscribe, IPv_Type: ipv4, Location: 美国-加利福尼亚州-洛杉矶, ISP: IT7网络, Date: None, Delay: 86 ms, Speed: 11.74 M/s, Resolution: 1920x1080
Name: 江苏卫视, URL: https://iptv.catvod.com/live.php?id=%E6%B1%9F%E8%8B%8F%E5%8D%AB%E8%A7%86&line=8, From: subscribe, IPv_Type: ipv4, Location: 美国-加利福尼亚州-洛杉矶, ISP: IT7网络, Date: None, Delay: 86 ms, Speed: 11.74 M/s, Resolution: 1920x1080
Name: 江苏卫视, URL: https://iptv.catvod.com/live.php?id=%E6%B1%9F%E8%8B%8F%E5%8D%AB%E8%A7%86&line=9, From: subscribe, IPv_Type: ipv4, Location: 美国-加利福尼亚州-洛杉矶, ISP: IT7网络, Date: None, Delay: 86 ms, Speed: 11.74 M/s, Resolution: 1920x1080
Name: 江苏卫视, URL: http://php.jdshipin.com/TVOD/hnyd.php?id=200000001898/460000089800010059, From: subscribe, IPv_Type: ipv6, Location: 美国, ISP: CloudFlare Inc., Date: None, Delay: 828 ms, Speed: 9.85 M/s, Resolution: 1920x1080
Name: 江苏卫视, URL: http://38.75.136.137:98/gslb/dsdqca/jswshd.m3u8?auth=test20251009, From: subscribe, IPv_Type: ipv4, Location: 美国-伊利诺伊州-库克, ISP: Cogent, Date: None, Delay: 468 ms, Speed: 9.46 M/s, Resolution: 1920x1080
Name: 江苏卫视, URL: http://38.75.136.137:98/gslb/dsdqpub/jswshd.m3u8?auth=testpub, From: subscribe, IPv_Type: ipv4, Location: 美国-伊利诺伊州-库克, ISP: Cogent, Date: None, Delay: 468 ms, Speed: 9.46 M/s, Resolution: 1920x1080
Name: 江苏卫视, URL: http://23.237.228.134/live3/jiangsu.m3u8, From: subscribe, IPv_Type: ipv4, Location: 北美地区, ISP: , Date: None, Delay: 331 ms, Speed: 8.14 M/s, Resolution: 1920x1080
Name: 江苏卫视, URL: http://69.30.246.194/live/jsws.m3u8, From: subscribe, IPv_Type: ipv4, Location: 美国-密苏里州-杰克逊县, ISP: WholeSale互联网股份有限公司, Date: None, Delay: 2054 ms, Speed: 3.65 M/s, Resolution: 1920x1080
Name: 江苏卫视, URL: http://39.106.167.36/migu.php?id=623899368, From: subscribe, IPv_Type: ipv4, Location: 中国-北京-北京, ISP: 阿里云, Date: None, Delay: 2231 ms, Speed: 0.64 M/s, Resolution: 854x480
Name: 江苏卫视, URL: http://111.9.163.109:55555/tsfile/live/0127_1.m3u8?key=txiptv, From: subscribe, IPv_Type: ipv4, Location: 中国-四川, ISP: 移动, Date: None, Delay: 12552 ms, Speed: 0.45 M/s, Resolution: 1920x1080
Name: 江苏卫视, URL: http://112.123.243.37:50085/tsfile/live/0017_1.m3u8, From: subscribe, IPv_Type: ipv4, Location: 中国-安徽-黄山, ISP: 联通, Date: None, Delay: 12582 ms, Speed: 0.27 M/s, Resolution: 720x576
Name: 江苏卫视, URL: http://39.152.103.17:8089/tsfile/live/1038_1.m3u8, From: subscribe, IPv_Type: ipv4, Location: 中国-辽宁-阜新, ISP: 移动, Date: None, Delay: 12769 ms, Speed: 0.11 M/s, Resolution: None
Name: 江苏卫视, URL: http://111.221.137.234:44330/tsfile/live/0135_1.m3u8?key=txiptv&playlive=0&authid=0, From: subscribe, IPv_Type: ipv4, Location: 中国-广东-深圳, ISP: 天威视讯, Date: None, Delay: 12456 ms, Speed: 0.09 M/s, Resolution: None
Name: 江苏卫视, URL: http://123.129.70.178:9901/tsfile/live/0127_1.m3u8?key=txiptv&playlive=1&authid=0, From: subscribe, IPv_Type: ipv4, Location: 中国-山东-东营, ISP: 联通, Date: None, Delay: 12376 ms, Speed: 0.07 M/s, Resolution: 1920x1080
Name: 江苏卫视, URL: http://123.129.70.178:9901/tsfile/live/0127_1.m3u8, From: subscribe, IPv_Type: ipv4, Location: 中国-山东-东营, ISP: 联通, Date: None, Delay: 12376 ms, Speed: 0.07 M/s, Resolution: 1920x1080
Name: 江苏卫视, URL: http://123.129.70.178/rtp/239.253.254.83:8000$山东联通组播源-cache:123.129.70.178, From: multicast, IPv_Type: ipv4, Location: 中国-山东-东营, ISP: 联通, Date: 2024-02-07, Delay: 12376 ms, Speed: 0.07 M/s, Resolution: 1920x1080
Name: 江苏卫视, URL: http://sun135790.x3322.net:9901/tsfile/live/16029_1.m3u8?key=txiptv&playlive=1&authid=0, From: subscribe, IPv_Type: ipv4, Location: 中国-天津-天津, ISP: 联通, Date: None, Delay: 12542 ms, Speed: 0.03 M/s, Resolution: 1920x1080
Name: 江苏卫视, URL: http://61.136.172.236:9901/tsfile/live/0127_1.m3u8, From: subscribe, IPv_Type: ipv4, Location: 中国-湖北-黄石, ISP: 电信, Date: None, Delay: 12101 ms, Speed: 0.00 M/s, Resolution: None
Name: 江苏卫视, URL: http://61.136.172.236:9901/tsfile/live/0127_1.m3u8?key=txiptv&playlive=1&authid=0, From: subscribe, IPv_Type: ipv4, Location: 中国-湖北-黄石, ISP: 电信, Date: None, Delay: 12101 ms, Speed: 0.00 M/s, Resolution: None
Name: 江苏卫视, URL: rtsp://183.59.156.166/PLTV/88888905/224/3221227027/10000100000000060000000000698853_0.smil?rrsip=125.88.104.40, From: subscribe, IPv_Type: ipv4, Location: 中国-广东-广州, ISP: 电信, Date: None, Delay: 12006 ms, Speed: 0.00 M/s, Resolution: None
Name: 江苏卫视, URL: rtsp://10.15.250.13/PLTV/88888888/224/3221226474/10000100000000060000000000133833_0.smil, From: subscribe, IPv_Type: ipv4, Location: IANA, ISP: 局域网IP(Private-Use), Date: None, Delay: 12008 ms, Speed: 0.00 M/s, Resolution: None
Name: 江西卫视, URL: https://iptv.catvod.com/live.php?id=%E6%B1%9F%E8%A5%BF%E5%8D%AB%E8%A7%86, From: subscribe, IPv_Type: ipv6, Location: 美国, ISP: CloudFlare Inc., Date: None, Delay: 86 ms, Speed: 11.74 M/s, Resolution: 1920x1080
Name: 江西卫视, URL: https://iptv.catvod.com/live.php?id=%E6%B1%9F%E8%A5%BF%E5%8D%AB%E8%A7%86%E5%8F%B0, From: subscribe, IPv_Type: ipv6, Location: 美国, ISP: CloudFlare Inc., Date: None, Delay: 86 ms, Speed: 11.74 M/s, Resolution: 1920x1080
Name: 江西卫视, URL: https://iptv.catvod.com/live.php?id=%E6%B1%9F%E8%A5%BF%E5%8D%AB%E8%A7%86&line=1, From: subscribe, IPv_Type: ipv4, Location: 美国-加利福尼亚州-洛杉矶, ISP: IT7网络, Date: None, Delay: 86 ms, Speed: 11.74 M/s, Resolution: 1920x1080
Name: 江西卫视, URL: https://iptv.catvod.com/live.php?id=%E6%B1%9F%E8%A5%BF%E5%8D%AB%E8%A7%86&line=2, From: subscribe, IPv_Type: ipv4, Location: 美国-加利福尼亚州-洛杉矶, ISP: IT7网络, Date: None, Delay: 86 ms, Speed: 11.74 M/s, Resolution: 1920x1080
Name: 江西卫视, URL: https://iptv.catvod.com/live.php?id=%E6%B1%9F%E8%A5%BF%E5%8D%AB%E8%A7%86&line=3, From: subscribe, IPv_Type: ipv4, Location: 美国-加利福尼亚州-洛杉矶, ISP: IT7网络, Date: None, Delay: 86 ms, Speed: 11.74 M/s, Resolution: 1920x1080
Name: 江西卫视, URL: https://iptv.catvod.com/live.php?id=%E6%B1%9F%E8%A5%BF%E5%8D%AB%E8%A7%86&line=4, From: subscribe, IPv_Type: ipv4, Location: 美国-加利福尼亚州-洛杉矶, ISP: IT7网络, Date: None, Delay: 86 ms, Speed: 11.74 M/s, Resolution: 1920x1080
Name: 江西卫视, URL: https://iptv.catvod.com/live.php?id=%E6%B1%9F%E8%A5%BF%E5%8D%AB%E8%A7%86&line=5, From: subscribe, IPv_Type: ipv4, Location: 美国-加利福尼亚州-洛杉矶, ISP: IT7网络, Date: None, Delay: 86 ms, Speed: 11.74 M/s, Resolution: 1920x1080
Name: 江西卫视, URL: https://iptv.catvod.com/live.php?id=%E6%B1%9F%E8%A5%BF%E5%8D%AB%E8%A7%86&line=6, From: subscribe, IPv_Type: ipv4, Location: 美国-加利福尼亚州-洛杉矶, ISP: IT7网络, Date: None, Delay: 86 ms, Speed: 11.74 M/s, Resolution: 1920x1080
Name: 江西卫视, URL: http://php.jdshipin.com/TVOD/hnyd.php?id=200000001898/460000089800010060, From: subscribe, IPv_Type: ipv6, Location: 美国, ISP: CloudFlare Inc., Date: None, Delay: 828 ms, Speed: 9.85 M/s, Resolution: 1920x1080
Name: 江西卫视, URL: http://38.75.136.137:98/gslb/dsdqpub/jxwshd.m3u8?auth=testpub, From: subscribe, IPv_Type: ipv4, Location: 美国-伊利诺伊州-库克, ISP: Cogent, Date: None, Delay: 468 ms, Speed: 9.46 M/s, Resolution: 1920x1080
Name: 江西卫视, URL: http://23.237.228.134/live8/jiangxi.m3u8, From: subscribe, IPv_Type: ipv4, Location: 北美地区, ISP: , Date: None, Delay: 331 ms, Speed: 8.14 M/s, Resolution: 1920x1080
Name: 江西卫视, URL: http://satellitepull.cnr.cn/live/wx32jiangxws/playlist.m3u8, From: subscribe, IPv_Type: ipv4, Location: 美国-德克萨斯州-达拉斯, ISP: 网宿科技CDN节点, Date: None, Delay: 117 ms, Speed: 0.81 M/s, Resolution: None
Name: 江西卫视, URL: http://39.106.167.36/migu.php?id=783847495, From: subscribe, IPv_Type: ipv4, Location: 中国-北京-北京, ISP: 阿里云, Date: None, Delay: 2231 ms, Speed: 0.64 M/s, Resolution: 854x480
Name: 江西卫视, URL: http://112.123.243.37:50085/tsfile/live/0132_1.m3u8, From: subscribe, IPv_Type: ipv4, Location: 中国-安徽-黄山, ISP: 联通, Date: None, Delay: 12582 ms, Speed: 0.27 M/s, Resolution: 720x576
Name: 江西卫视, URL: http://39.152.103.17:8089/tsfile/live/1078_1.m3u8, From: subscribe, IPv_Type: ipv4, Location: 中国-辽宁-阜新, ISP: 移动, Date: None, Delay: 12769 ms, Speed: 0.11 M/s, Resolution: None
Name: 江西卫视, URL: http://111.221.137.234:44330/tsfile/live/0137_1.m3u8?key=txiptv&playlive=0&authid=0, From: subscribe, IPv_Type: ipv4, Location: 中国-广东-深圳, ISP: 天威视讯, Date: None, Delay: 12456 ms, Speed: 0.09 M/s, Resolution: None
Name: 江西卫视, URL: http://123.129.70.178/rtp/239.253.254.47:8000$山东联通组播源-cache:123.129.70.178, From: multicast, IPv_Type: ipv4, Location: 中国-山东-东营, ISP: 联通, Date: 2024-02-07, Delay: 12376 ms, Speed: 0.07 M/s, Resolution: 1920x1080
Name: 江西卫视, URL: http://sun135790.x3322.net:9901/tsfile/live/16044_1.m3u8?key=txiptv&playlive=1&authid=0, From: subscribe, IPv_Type: ipv4, Location: 中国-天津-天津, ISP: 联通, Date: None, Delay: 12542 ms, Speed: 0.03 M/s, Resolution: 1920x1080
Name: 江西卫视, URL: http://61.136.172.236:9901/tsfile/live/0138_1.m3u8, From: subscribe, IPv_Type: ipv4, Location: 中国-湖北-黄石, ISP: 电信, Date: None, Delay: 12101 ms, Speed: 0.00 M/s, Resolution: None
Name: 江西卫视, URL: http://61.136.172.236:9901/tsfile/live/0138_1.m3u8?key=txiptv&playlive=1&authid=0, From: subscribe, IPv_Type: ipv4, Location: 中国-湖北-黄石, ISP: 电信, Date: None, Delay: 12101 ms, Speed: 0.00 M/s, Resolution: None
Name: 江西卫视, URL: http://222.169.85.8:9901/tsfile/live/0138_1.m3u8?key=txiptv&playlive=1&authid=0, From: subscribe, IPv_Type: ipv4, Location: 中国-吉林-辽源, ISP: 电信, Date: None, Delay: 12821 ms, Speed: 0.00 M/s, Resolution: None
Name: 江西卫视, URL: http://222.169.85.8:9901/tsfile/live/0138_1.m3u8?key=txiptv&amp;playlive=1&amp;authid=0, From: subscribe, IPv_Type: ipv4, Location: 中国-吉林-辽源, ISP: 电信, Date: None, Delay: 12821 ms, Speed: 0.00 M/s, Resolution: None
Name: 江西卫视, URL: http://222.169.85.8:9901/tsfile/live/0138_1.m3u8, From: subscribe, IPv_Type: ipv4, Location: 中国-吉林-辽源, ISP: 电信, Date: None, Delay: 12821 ms, Speed: 0.00 M/s, Resolution: None
Name: 江西卫视, URL: http://222.169.85.8:9901/tsfile/live/0138_1.m3u8?key=txiptv&amp;amp;playlive=1&amp;amp;authid=0, From: subscribe, IPv_Type: ipv4, Location: 中国-吉林-辽源, ISP: 电信, Date: None, Delay: 12821 ms, Speed: 0.00 M/s, Resolution: None
Name: 江西卫视, URL: http://222.169.85.8:9901/tsfile/live/0138_1.m3u8?key=txiptv, From: subscribe, IPv_Type: ipv4, Location: 中国-吉林-辽源, ISP: 电信, Date: None, Delay: 12821 ms, Speed: 0.00 M/s, Resolution: None
Name: 江西卫视, URL: rtsp://10.15.250.13/PLTV/88888888/224/3221226911/402478258.smil, From: subscribe, IPv_Type: ipv4, Location: IANA, ISP: 局域网IP(Private-Use), Date: None, Delay: 12008 ms, Speed: 0.00 M/s, Resolution: None
Name: 江西卫视, URL: rtsp://183.59.156.166/PLTV/88888905/224/3221229779/10000100000000060000000009575029_0.smil?rrsip=125.88.104.40, From: subscribe, IPv_Type: ipv4, Location: 中国-广东-广州, ISP: 电信, Date: None, Delay: 12006 ms, Speed: 0.00 M/s, Resolution: None
Name: 辽宁卫视, URL: https://iptv.catvod.com/live.php?id=%E8%BE%BD%E5%AE%81%E5%8D%AB%E8%A7%86, From: subscribe, IPv_Type: ipv6, Location: 美国, ISP: CloudFlare Inc., Date: None, Delay: 86 ms, Speed: 11.74 M/s, Resolution: 1920x1080
Name: 辽宁卫视, URL: https://iptv.catvod.com/live.php?id=%E8%BE%BD%E5%AE%81%E5%8D%AB%E8%A7%86%E5%8F%B0, From: subscribe, IPv_Type: ipv6, Location: 美国, ISP: CloudFlare Inc., Date: None, Delay: 86 ms, Speed: 11.74 M/s, Resolution: 1920x1080
Name: 辽宁卫视, URL: https://iptv.catvod.com/live.php?id=%E8%BE%BD%E5%AE%81%E5%8D%AB%E8%A7%86&line=1, From: subscribe, IPv_Type: ipv4, Location: 美国-加利福尼亚州-洛杉矶, ISP: IT7网络, Date: None, Delay: 86 ms, Speed: 11.74 M/s, Resolution: 1920x1080
Name: 辽宁卫视, URL: https://iptv.catvod.com/live.php?id=%E8%BE%BD%E5%AE%81%E5%8D%AB%E8%A7%86&line=2, From: subscribe, IPv_Type: ipv4, Location: 美国-加利福尼亚州-洛杉矶, ISP: IT7网络, Date: None, Delay: 86 ms, Speed: 11.74 M/s, Resolution: 1920x1080
Name: 辽宁卫视, URL: https://iptv.catvod.com/live.php?id=%E8%BE%BD%E5%AE%81%E5%8D%AB%E8%A7%86&line=3, From: subscribe, IPv_Type: ipv4, Location: 美国-加利福尼亚州-洛杉矶, ISP: IT7网络, Date: None, Delay: 86 ms, Speed: 11.74 M/s, Resolution: 1920x1080
Name: 辽宁卫视, URL: http://php.jdshipin.com/TVOD/hljyd.php?id=3221226546, From: subscribe, IPv_Type: ipv6, Location: 美国, ISP: CloudFlare Inc., Date: None, Delay: 828 ms, Speed: 9.85 M/s, Resolution: 1920x1080
Name: 辽宁卫视, URL: http://38.75.136.137:98/gslb/dsdqpub/lnwshd.m3u8?auth=testpub, From: subscribe, IPv_Type: ipv4, Location: 美国-伊利诺伊州-库克, ISP: Cogent, Date: None, Delay: 468 ms, Speed: 9.46 M/s, Resolution: 1920x1080
Name: 辽宁卫视, URL: http://38.75.136.137:98/gslb/dsdqca/lnwshd.m3u8?auth=test20251009, From: subscribe, IPv_Type: ipv4, Location: 美国-伊利诺伊州-库克, ISP: Cogent, Date: None, Delay: 468 ms, Speed: 9.46 M/s, Resolution: 1920x1080
Name: 辽宁卫视, URL: http://23.237.228.134/live8/liaoning.m3u8, From: subscribe, IPv_Type: ipv4, Location: 北美地区, ISP: , Date: None, Delay: 331 ms, Speed: 8.14 M/s, Resolution: 1920x1080
Name: 辽宁卫视, URL: https://www.goodiptv.club/douyu/9403738, From: subscribe, IPv_Type: ipv6, Location: 美国, ISP: CloudFlare Inc., Date: None, Delay: 117 ms, Speed: 3.78 M/s, Resolution: 1280x720
Name: 辽宁卫视, URL: https://www.goodiptv.club/douyu/9403738, From: subscribe, IPv_Type: ipv6, Location: 美国, ISP: CloudFlare Inc., Date: None, Delay: 117 ms, Speed: 3.78 M/s, Resolution: 1280x720
Name: 辽宁卫视, URL: http://39.106.167.36/migu.php?id=630291707, From: subscribe, IPv_Type: ipv4, Location: 中国-北京-北京, ISP: 阿里云, Date: None, Delay: 2231 ms, Speed: 0.64 M/s, Resolution: 854x480
Name: 辽宁卫视, URL: http://112.123.243.37:50085/tsfile/live/0126_1.m3u8?key=txiptv&playlive=0&authid=0, From: subscribe, IPv_Type: ipv4, Location: 中国-安徽-黄山, ISP: 联通, Date: None, Delay: 12582 ms, Speed: 0.27 M/s, Resolution: 720x576
Name: 辽宁卫视, URL: http://112.123.243.37:50085/tsfile/live/0126_1.m3u8, From: subscribe, IPv_Type: ipv4, Location: 中国-安徽-黄山, ISP: 联通, Date: None, Delay: 12582 ms, Speed: 0.27 M/s, Resolution: 720x576
Name: 辽宁卫视, URL: http://39.152.103.17:8089/tsfile/live/1024_1.m3u8, From: subscribe, IPv_Type: ipv4, Location: 中国-辽宁-阜新, ISP: 移动, Date: None, Delay: 12769 ms, Speed: 0.11 M/s, Resolution: None
Name: 辽宁卫视, URL: http://111.221.137.234:44330/tsfile/live/0123_1.m3u8?key=txiptv&playlive=0&authid=0, From: subscribe, IPv_Type: ipv4, Location: 中国-广东-深圳, ISP: 天威视讯, Date: None, Delay: 12456 ms, Speed: 0.09 M/s, Resolution: None
Name: 辽宁卫视, URL: http://123.129.70.178:9901/tsfile/live/0121_1.m3u8?key=txiptv&playlive=1&authid=0, From: subscribe, IPv_Type: ipv4, Location: 中国-山东-东营, ISP: 联通, Date: None, Delay: 12376 ms, Speed: 0.07 M/s, Resolution: 1920x1080
Name: 辽宁卫视, URL: http://123.129.70.178/rtp/239.253.254.92:8000$山东联通组播源-cache:123.129.70.178, From: multicast, IPv_Type: ipv4, Location: 中国-山东-东营, ISP: 联通, Date: 2024-02-07, Delay: 12376 ms, Speed: 0.07 M/s, Resolution: 1920x1080
Name: 辽宁卫视, URL: http://sun135790.x3322.net:9901/tsfile/live/16032_1.m3u8?key=txiptv&playlive=1&authid=0, From: subscribe, IPv_Type: ipv4, Location: 中国-天津-天津, ISP: 联通, Date: None, Delay: 12542 ms, Speed: 0.03 M/s, Resolution: 1920x1080
Name: 辽宁卫视, URL: http://61.136.172.236:9901/tsfile/live/0121_1.m3u8, From: subscribe, IPv_Type: ipv4, Location: 中国-湖北-黄石, ISP: 电信, Date: None, Delay: 12101 ms, Speed: 0.00 M/s, Resolution: None
Name: 辽宁卫视, URL: http://61.136.172.236:9901/tsfile/live/0121_1.m3u8?key=txiptv&playlive=1&authid=0, From: subscribe, IPv_Type: ipv4, Location: 中国-湖北-黄石, ISP: 电信, Date: None, Delay: 12101 ms, Speed: 0.00 M/s, Resolution: None
Name: 辽宁卫视, URL: rtsp://10.15.250.13/PLTV/88888888/224/3221226511/10000100000000060000000000394610_0.smil, From: subscribe, IPv_Type: ipv4, Location: IANA, ISP: 局域网IP(Private-Use), Date: None, Delay: 12008 ms, Speed: 0.00 M/s, Resolution: None
Name: 辽宁卫视, URL: rtsp://183.59.156.166/PLTV/88888905/224/3221227608/10000100000000060000000004547240_0.smil?rrsip=125.88.104.40, From: subscribe, IPv_Type: ipv4, Location: 中国-广东-广州, ISP: 电信, Date: None, Delay: 12006 ms, Speed: 0.00 M/s, Resolution: None
Name: 内蒙古卫视, URL: https://iptv.catvod.com/live.php?id=%E5%86%85%E8%92%99%E5%8F%A4%E5%8D%AB%E8%A7%86%E5%8F%B0, From: subscribe, IPv_Type: ipv6, Location: 美国, ISP: CloudFlare Inc., Date: None, Delay: 86 ms, Speed: 11.74 M/s, Resolution: 1920x1080
Name: 内蒙古卫视, URL: https://iptv.catvod.com/live.php?id=%E5%86%85%E8%92%99%E5%8F%A4%E5%8D%AB%E8%A7%86, From: subscribe, IPv_Type: ipv6, Location: 美国, ISP: CloudFlare Inc., Date: None, Delay: 86 ms, Speed: 11.74 M/s, Resolution: 1920x1080
Name: 内蒙古卫视, URL: https://iptv.catvod.com/live.php?id=%E5%86%85%E8%92%99%E5%8F%A4%E5%8D%AB%E8%A7%86&line=1, From: subscribe, IPv_Type: ipv4, Location: 美国-加利福尼亚州-洛杉矶, ISP: IT7网络, Date: None, Delay: 86 ms, Speed: 11.74 M/s, Resolution: 1920x1080
Name: 内蒙古卫视, URL: https://iptv.catvod.com/live.php?id=%E5%86%85%E8%92%99%E5%8F%A4%E5%8D%AB%E8%A7%86&line=2, From: subscribe, IPv_Type: ipv4, Location: 美国-加利福尼亚州-洛杉矶, ISP: IT7网络, Date: None, Delay: 86 ms, Speed: 11.74 M/s, Resolution: 1920x1080
Name: 内蒙古卫视, URL: http://php.jdshipin.com/TVOD/hljyd.php?id=3221225634, From: subscribe, IPv_Type: ipv6, Location: 美国, ISP: CloudFlare Inc., Date: None, Delay: 828 ms, Speed: 9.85 M/s, Resolution: 1920x1080
Name: 内蒙古卫视, URL: http://38.75.136.137:98/gslb/dsdqpub/nmgws.m3u8?auth=testpub, From: subscribe, IPv_Type: ipv4, Location: 美国-伊利诺伊州-库克, ISP: Cogent, Date: None, Delay: 468 ms, Speed: 9.46 M/s, Resolution: 1920x1080
Name: 内蒙古卫视, URL: http://23.237.228.134/live8/neimenggu.m3u8, From: subscribe, IPv_Type: ipv4, Location: 北美地区, ISP: , Date: None, Delay: 331 ms, Speed: 8.14 M/s, Resolution: 1920x1080
Name: 内蒙古卫视, URL: https://ali-m-l.cztv.com/channels/lantian/channel007/1080p.m3u8, From: subscribe, IPv_Type: ipv6, Location: 中国-广西-防城港, ISP: 电信, Date: None, Delay: 2396 ms, Speed: 0.83 M/s, Resolution: 1920x1080
Name: 内蒙古卫视, URL: http://satellitepull.cnr.cn/live/wx32nmgws/playlist.m3u8, From: subscribe, IPv_Type: ipv4, Location: 美国-德克萨斯州-达拉斯, ISP: 网宿科技CDN节点, Date: None, Delay: 117 ms, Speed: 0.81 M/s, Resolution: None
Name: 内蒙古卫视, URL: http://112.123.243.37:50085/tsfile/live/0118_1.m3u8?key=txiptv&playlive=0&authid=0, From: subscribe, IPv_Type: ipv4, Location: 中国-安徽-黄山, ISP: 联通, Date: None, Delay: 12582 ms, Speed: 0.27 M/s, Resolution: 720x576
Name: 内蒙古卫视, URL: rtsp://10.15.250.13/PLTV/88888888/224/0/3221226104/000000000vfq.smil, From: subscribe, IPv_Type: ipv4, Location: IANA, ISP: 局域网IP(Private-Use), Date: None, Delay: 12008 ms, Speed: 0.00 M/s, Resolution: None
Name: 内蒙古卫视, URL: rtsp://183.59.156.166/PLTV/88888905/224/3221227133/10000100000000060000000000937736_0.smil?rrsip=125.88.104.40, From: subscribe, IPv_Type: ipv4, Location: 中国-广东-广州, ISP: 电信, Date: None, Delay: 12006 ms, Speed: 0.00 M/s, Resolution: None
Name: 宁夏卫视, URL: https://iptv.catvod.com/live.php?id=%E5%AE%81%E5%A4%8F%E5%8D%AB%E8%A7%86, From: subscribe, IPv_Type: ipv4, Location: 美国-加利福尼亚州-洛杉矶, ISP: IT7网络, Date: None, Delay: 86 ms, Speed: 11.74 M/s, Resolution: 1920x1080
Name: 宁夏卫视, URL: https://iptv.catvod.com/live.php?id=%E5%AE%81%E5%A4%8F%E5%8D%AB%E8%A7%86&line=1, From: subscribe, IPv_Type: ipv4, Location: 美国-加利福尼亚州-洛杉矶, ISP: IT7网络, Date: None, Delay: 86 ms, Speed: 11.74 M/s, Resolution: 1920x1080
Name: 宁夏卫视, URL: https://iptv.catvod.com/live.php?id=%E5%AE%81%E5%A4%8F%E5%8D%AB%E8%A7%86&line=2, From: subscribe, IPv_Type: ipv4, Location: 美国-加利福尼亚州-洛杉矶, ISP: IT7网络, Date: None, Delay: 86 ms, Speed: 11.74 M/s, Resolution: 1920x1080
Name: 宁夏卫视, URL: https://iptv.catvod.com/live.php?id=%E5%AE%81%E5%A4%8F%E5%8D%AB%E8%A7%86&line=3, From: subscribe, IPv_Type: ipv4, Location: 美国-加利福尼亚州-洛杉矶, ISP: IT7网络, Date: None, Delay: 86 ms, Speed: 11.74 M/s, Resolution: 1920x1080
Name: 宁夏卫视, URL: http://php.jdshipin.com/TVOD/hnyd.php?id=200000001898/460000089800010110, From: subscribe, IPv_Type: ipv6, Location: 美国, ISP: CloudFlare Inc., Date: None, Delay: 828 ms, Speed: 9.85 M/s, Resolution: 1920x1080
Name: 宁夏卫视, URL: http://38.75.136.137:98/gslb/dsdqpub/nxws.m3u8?auth=testpub, From: subscribe, IPv_Type: ipv4, Location: 美国-伊利诺伊州-库克, ISP: Cogent, Date: None, Delay: 468 ms, Speed: 9.46 M/s, Resolution: 1920x1080
Name: 宁夏卫视, URL: http://39.106.167.36/migu.php?id=738910535, From: subscribe, IPv_Type: ipv4, Location: 中国-北京-北京, ISP: 阿里云, Date: None, Delay: 2231 ms, Speed: 0.64 M/s, Resolution: 854x480
Name: 宁夏卫视, URL: http://112.123.243.37:50085/tsfile/live/0125_1.m3u8?key=txiptv&playlive=0&authid=0, From: subscribe, IPv_Type: ipv4, Location: 中国-安徽-黄山, ISP: 联通, Date: None, Delay: 12582 ms, Speed: 0.27 M/s, Resolution: 720x576
Name: 宁夏卫视, URL: http://shuangyashan.coccc.online:65000/tsfile/live/0112_1.m3u8?key=txiptv&playlive=1&authid=0, From: subscribe, IPv_Type: ipv4, Location: 中国-黑龙江-大庆, ISP: 电信, Date: None, Delay: 12707 ms, Speed: 0.07 M/s, Resolution: None
Name: 宁夏卫视, URL: http://shuangyashan.coccc.online:65000/tsfile/live/0112_1.m3u8?key=txiptv&playlive=1&authid=0, From: subscribe, IPv_Type: ipv4, Location: 中国-黑龙江-大庆, ISP: 电信, Date: None, Delay: 12707 ms, Speed: 0.07 M/s, Resolution: None
Name: 宁夏卫视, URL: http://183.11.239.36:808/hls/106/index.m3u8, From: subscribe, IPv_Type: ipv4, Location: 中国-广东-深圳, ISP: 电信, Date: None, Delay: 12801 ms, Speed: 0.01 M/s, Resolution: None
Name: 宁夏卫视, URL: http://183.11.239.36:808/hls/106/index.m3u8, From: subscribe, IPv_Type: ipv4, Location: 中国-广东-深圳, ISP: 电信, Date: None, Delay: 12801 ms, Speed: 0.01 M/s, Resolution: None
Name: 宁夏卫视, URL: rtsp://10.15.250.13/PLTV/88888888/224/0/3221226147/iptv112765.smil, From: subscribe, IPv_Type: ipv4, Location: IANA, ISP: 局域网IP(Private-Use), Date: None, Delay: 12008 ms, Speed: 0.00 M/s, Resolution: None
Name: 宁夏卫视, URL: rtsp://183.59.156.166/PLTV/88888905/224/3221230378/817310024.smil?rrsip=125.88.104.40, From: subscribe, IPv_Type: ipv4, Location: 中国-广东-广州, ISP: 电信, Date: None, Delay: 12006 ms, Speed: 0.00 M/s, Resolution: None
Name: 青海卫视, URL: https://iptv.catvod.com/live.php?id=%E9%9D%92%E6%B5%B7%E5%8D%AB%E8%A7%86, From: subscribe, IPv_Type: ipv6, Location: 美国, ISP: CloudFlare Inc., Date: None, Delay: 86 ms, Speed: 11.74 M/s, Resolution: 1920x1080
Name: 青海卫视, URL: https://iptv.catvod.com/live.php?id=%E9%9D%92%E6%B5%B7%E5%8D%AB%E8%A7%86%E5%8F%B0, From: subscribe, IPv_Type: ipv6, Location: 美国, ISP: CloudFlare Inc., Date: None, Delay: 86 ms, Speed: 11.74 M/s, Resolution: 1920x1080
Name: 青海卫视, URL: https://iptv.catvod.com/live.php?id=%E9%9D%92%E6%B5%B7%E5%8D%AB%E8%A7%86&line=1, From: subscribe, IPv_Type: ipv4, Location: 美国-加利福尼亚州-洛杉矶, ISP: IT7网络, Date: None, Delay: 86 ms, Speed: 11.74 M/s, Resolution: 1920x1080
Name: 青海卫视, URL: https://iptv.catvod.com/live.php?id=%E9%9D%92%E6%B5%B7%E5%8D%AB%E8%A7%86&line=2, From: subscribe, IPv_Type: ipv4, Location: 美国-加利福尼亚州-洛杉矶, ISP: IT7网络, Date: None, Delay: 86 ms, Speed: 11.74 M/s, Resolution: 1920x1080
Name: 青海卫视, URL: https://iptv.catvod.com/live.php?id=%E9%9D%92%E6%B5%B7%E5%8D%AB%E8%A7%86&line=3, From: subscribe, IPv_Type: ipv4, Location: 美国-加利福尼亚州-洛杉矶, ISP: IT7网络, Date: None, Delay: 86 ms, Speed: 11.74 M/s, Resolution: 1920x1080
Name: 青海卫视, URL: https://iptv.catvod.com/live.php?id=%E9%9D%92%E6%B5%B7%E5%8D%AB%E8%A7%86&line=4, From: subscribe, IPv_Type: ipv4, Location: 美国-加利福尼亚州-洛杉矶, ISP: IT7网络, Date: None, Delay: 86 ms, Speed: 11.74 M/s, Resolution: 1920x1080
Name: 青海卫视, URL: http://php.jdshipin.com/TVOD/hnyd.php?id=200000001898/460000089800010111, From: subscribe, IPv_Type: ipv6, Location: 美国, ISP: CloudFlare Inc., Date: None, Delay: 828 ms, Speed: 9.85 M/s, Resolution: 1920x1080
Name: 青海卫视, URL: http://38.75.136.137:98/gslb/dsdqpub/qhws.m3u8?auth=testpub, From: subscribe, IPv_Type: ipv4, Location: 美国-伊利诺伊州-库克, ISP: Cogent, Date: None, Delay: 468 ms, Speed: 9.46 M/s, Resolution: 1920x1080
Name: 青海卫视, URL: http://23.237.228.134/live8/qinghai.m3u8, From: subscribe, IPv_Type: ipv4, Location: 北美地区, ISP: , Date: None, Delay: 331 ms, Speed: 8.14 M/s, Resolution: 1920x1080
Name: 青海卫视, URL: http://23.237.228.134/live8/shandong.m3u8, From: subscribe, IPv_Type: ipv4, Location: 北美地区, ISP: , Date: None, Delay: 331 ms, Speed: 8.14 M/s, Resolution: 1920x1080
Name: 青海卫视, URL: http://satellitepull.cnr.cn/live/wx32qhws/playlist.m3u8, From: subscribe, IPv_Type: ipv4, Location: 美国-德克萨斯州-达拉斯, ISP: 网宿科技CDN节点, Date: None, Delay: 117 ms, Speed: 0.81 M/s, Resolution: None
Name: 青海卫视, URL: http://39.106.167.36/migu.php?id=947472506, From: subscribe, IPv_Type: ipv4, Location: 中国-北京-北京, ISP: 阿里云, Date: None, Delay: 2231 ms, Speed: 0.64 M/s, Resolution: 854x480
Name: 青海卫视, URL: http://123.129.70.178/rtp/239.253.254.195:8000$山东联通组播源-cache:123.129.70.178, From: multicast, IPv_Type: ipv4, Location: 中国-山东-东营, ISP: 联通, Date: 2024-02-07, Delay: 12376 ms, Speed: 0.07 M/s, Resolution: 1920x1080
Name: 青海卫视, URL: http://222.169.85.8:9901/tsfile/live/0018_1.m3u8, From: subscribe, IPv_Type: ipv4, Location: 中国-吉林-辽源, ISP: 电信, Date: None, Delay: 12821 ms, Speed: 0.00 M/s, Resolution: None
Name: 青海卫视, URL: rtsp://183.59.156.166/PLTV/88888905/224/3221230136/594151287.smil?rrsip=125.88.104.40, From: subscribe, IPv_Type: ipv4, Location: 中国-广东-广州, ISP: 电信, Date: None, Delay: 12006 ms, Speed: 0.00 M/s, Resolution: None
Name: 青海卫视, URL: rtsp://10.15.250.13/PLTV/88888888/224/0/3221226090/000000000jdd.smil, From: subscribe, IPv_Type: ipv4, Location: IANA, ISP: 局域网IP(Private-Use), Date: None, Delay: 12008 ms, Speed: 0.00 M/s, Resolution: None
Name: 山东卫视, URL: https://iptv.catvod.com/live.php?id=%E5%B1%B1%E4%B8%9C%E5%8D%AB%E8%A7%86%E5%8F%B0, From: subscribe, IPv_Type: ipv6, Location: 美国, ISP: CloudFlare Inc., Date: None, Delay: 86 ms, Speed: 11.74 M/s, Resolution: 1920x1080
Name: 山东卫视, URL: https://iptv.catvod.com/live.php?id=%E5%B1%B1%E4%B8%9C%E5%8D%AB%E8%A7%86, From: subscribe, IPv_Type: ipv6, Location: 美国, ISP: CloudFlare Inc., Date: None, Delay: 86 ms, Speed: 11.74 M/s, Resolution: 1920x1080
Name: 山东卫视, URL: https://iptv.catvod.com/live.php?id=%E5%B1%B1%E4%B8%9C%E5%8D%AB%E8%A7%86&line=1, From: subscribe, IPv_Type: ipv4, Location: 美国-加利福尼亚州-洛杉矶, ISP: IT7网络, Date: None, Delay: 86 ms, Speed: 11.74 M/s, Resolution: 1920x1080
Name: 山东卫视, URL: https://iptv.catvod.com/live.php?id=%E5%B1%B1%E4%B8%9C%E5%8D%AB%E8%A7%86&line=2, From: subscribe, IPv_Type: ipv4, Location: 美国-加利福尼亚州-洛杉矶, ISP: IT7网络, Date: None, Delay: 86 ms, Speed: 11.74 M/s, Resolution: 1920x1080
Name: 山东卫视, URL: https://iptv.catvod.com/live.php?id=%E5%B1%B1%E4%B8%9C%E5%8D%AB%E8%A7%86&line=3, From: subscribe, IPv_Type: ipv4, Location: 美国-加利福尼亚州-洛杉矶, ISP: IT7网络, Date: None, Delay: 86 ms, Speed: 11.74 M/s, Resolution: 1920x1080
Name: 山东卫视, URL: http://php.jdshipin.com/TVOD/hnyd.php?id=200000001898/460000089800010066, From: subscribe, IPv_Type: ipv6, Location: 美国, ISP: CloudFlare Inc., Date: None, Delay: 828 ms, Speed: 9.85 M/s, Resolution: 1920x1080
Name: 山东卫视, URL: http://38.75.136.137:98/gslb/dsdqca/sdwshd.m3u8?auth=test20251009, From: subscribe, IPv_Type: ipv4, Location: 美国-伊利诺伊州-库克, ISP: Cogent, Date: None, Delay: 468 ms, Speed: 9.46 M/s, Resolution: 1920x1080
Name: 山东卫视, URL: http://38.75.136.137:98/gslb/dsdqpub/sdwshd.m3u8?auth=testpub, From: subscribe, IPv_Type: ipv4, Location: 美国-伊利诺伊州-库克, ISP: Cogent, Date: None, Delay: 468 ms, Speed: 9.46 M/s, Resolution: 1920x1080
Name: 山东卫视, URL: http://23.237.228.134/live8/shandong.m3u8, From: subscribe, IPv_Type: ipv4, Location: 北美地区, ISP: , Date: None, Delay: 331 ms, Speed: 8.14 M/s, Resolution: 1920x1080
Name: 山东卫视, URL: http://l.cztvcloud.com/channels/lantian/SXshengzhou1/720p.m3u8, From: subscribe, IPv_Type: ipv6, Location: 中国-江苏-常州, ISP: 电信, Date: None, Delay: 1753 ms, Speed: 1.04 M/s, Resolution: 1920x1080
Name: 山东卫视, URL: http://l.cztvcloud.com/channels/lantian/SXshengzhou1/720p.m3u8, From: subscribe, IPv_Type: ipv6, Location: 中国-江苏-常州, ISP: 电信, Date: None, Delay: 1753 ms, Speed: 1.04 M/s, Resolution: 1920x1080
Name: 山东卫视, URL: http://112.123.243.37:50085/tsfile/live/0122_1.m3u8?key=txiptv&playlive=0&authid=0, From: subscribe, IPv_Type: ipv4, Location: 中国-安徽-黄山, ISP: 联通, Date: None, Delay: 12582 ms, Speed: 0.27 M/s, Resolution: 720x576
Name: 山东卫视, URL: http://39.152.103.17:8089/tsfile/live/1018_1.m3u8, From: subscribe, IPv_Type: ipv4, Location: 中国-辽宁-阜新, ISP: 移动, Date: None, Delay: 12769 ms, Speed: 0.11 M/s, Resolution: None
Name: 山东卫视, URL: http://111.221.137.234:44330/tsfile/live/0121_1.m3u8?key=txiptv&playlive=0&authid=0, From: subscribe, IPv_Type: ipv4, Location: 中国-广东-深圳, ISP: 天威视讯, Date: None, Delay: 12456 ms, Speed: 0.09 M/s, Resolution: None
Name: 山东卫视, URL: http://shuangyashan.coccc.online:65000/tsfile/live/0131_1.m3u8?key=txiptv&playlive=1&authid=0, From: subscribe, IPv_Type: ipv4, Location: 中国-黑龙江-大庆, ISP: 电信, Date: None, Delay: 12707 ms, Speed: 0.07 M/s, Resolution: None
Name: 山东卫视, URL: http://123.129.70.178/rtp/239.253.254.78:8000$山东联通组播源-cache:123.129.70.178, From: multicast, IPv_Type: ipv4, Location: 中国-山东-东营, ISP: 联通, Date: 2024-02-07, Delay: 12376 ms, Speed: 0.07 M/s, Resolution: 1920x1080
Name: 山东卫视, URL: http://shijiazhuangjingshi-b.synology.me:8092/hls/27/index.m3u8, From: subscribe, IPv_Type: ipv4, Location: 中国-河北-石家庄, ISP: 电信, Date: None, Delay: 12973 ms, Speed: 0.02 M/s, Resolution: None
Name: 山东卫视, URL: http://shijiazhuangjingshi-b.synology.me:8092/hls/27/index.m3u8, From: subscribe, IPv_Type: ipv4, Location: 中国-河北-石家庄, ISP: 电信, Date: None, Delay: 12973 ms, Speed: 0.02 M/s, Resolution: None
Name: 山东卫视, URL: http://183.11.239.36:808/hls/43/index.m3u8, From: subscribe, IPv_Type: ipv4, Location: 中国-广东-深圳, ISP: 电信, Date: None, Delay: 12801 ms, Speed: 0.01 M/s, Resolution: None
Name: 山东卫视, URL: http://61.136.172.236:9901/tsfile/live/0131_1.m3u8, From: subscribe, IPv_Type: ipv4, Location: 中国-湖北-黄石, ISP: 电信, Date: None, Delay: 12101 ms, Speed: 0.00 M/s, Resolution: None
Name: 山东卫视, URL: http://61.136.172.236:9901/tsfile/live/0131_1.m3u8?key=txiptv&playlive=1&authid=0, From: subscribe, IPv_Type: ipv4, Location: 中国-湖北-黄石, ISP: 电信, Date: None, Delay: 12101 ms, Speed: 0.00 M/s, Resolution: None
Name: 山东卫视, URL: http://222.169.85.8:9901/tsfile/live/0131_1.m3u8?key=txiptv&playlive=1&authid=0, From: subscribe, IPv_Type: ipv4, Location: 中国-吉林-辽源, ISP: 电信, Date: None, Delay: 12821 ms, Speed: 0.00 M/s, Resolution: None
Name: 山东卫视, URL: http://222.169.85.8:9901/tsfile/live/0131_1.m3u8?key=txiptv&amp;playlive=1&amp;authid=0, From: subscribe, IPv_Type: ipv4, Location: 中国-吉林-辽源, ISP: 电信, Date: None, Delay: 12821 ms, Speed: 0.00 M/s, Resolution: None
Name: 山东卫视, URL: http://222.169.85.8:9901/tsfile/live/0131_1.m3u8, From: subscribe, IPv_Type: ipv4, Location: 中国-吉林-辽源, ISP: 电信, Date: None, Delay: 12821 ms, Speed: 0.00 M/s, Resolution: None
Name: 山东卫视, URL: http://222.169.85.8:9901/tsfile/live/0131_1.m3u8?key=txiptv&amp;amp;playlive=1&amp;amp;authid=0, From: subscribe, IPv_Type: ipv4, Location: 中国-吉林-辽源, ISP: 电信, Date: None, Delay: 12821 ms, Speed: 0.00 M/s, Resolution: None
Name: 山东卫视, URL: http://222.169.85.8:9901/tsfile/live/0131_1.m3u8?key=txiptv, From: subscribe, IPv_Type: ipv4, Location: 中国-吉林-辽源, ISP: 电信, Date: None, Delay: 12821 ms, Speed: 0.00 M/s, Resolution: None
Name: 山东卫视, URL: rtsp://183.59.156.166/PLTV/88888905/224/3221227215/10000100000000060000000000988473_0.smil?rrsip=125.88.104.40, From: subscribe, IPv_Type: ipv4, Location: 中国-广东-广州, ISP: 电信, Date: None, Delay: 12006 ms, Speed: 0.00 M/s, Resolution: None
Name: 山东卫视, URL: rtsp://10.15.250.13/PLTV/88888888/224/3221226523/10000100000000060000000000425465_0.smil, From: subscribe, IPv_Type: ipv4, Location: IANA, ISP: 局域网IP(Private-Use), Date: None, Delay: 12008 ms, Speed: 0.00 M/s, Resolution: None
Name: 山西卫视, URL: https://iptv.catvod.com/live.php?id=%E5%B1%B1%E8%A5%BF%E5%8D%AB%E8%A7%86%E5%8F%B0, From: subscribe, IPv_Type: ipv6, Location: 美国, ISP: CloudFlare Inc., Date: None, Delay: 86 ms, Speed: 11.74 M/s, Resolution: 1920x1080
Name: 山西卫视, URL: https://iptv.catvod.com/live.php?id=%E5%B1%B1%E8%A5%BF%E5%8D%AB%E8%A7%86, From: subscribe, IPv_Type: ipv6, Location: 美国, ISP: CloudFlare Inc., Date: None, Delay: 86 ms, Speed: 11.74 M/s, Resolution: 1920x1080
Name: 山西卫视, URL: https://iptv.catvod.com/live.php?id=%E5%B1%B1%E8%A5%BF%E5%8D%AB%E8%A7%86&line=1, From: subscribe, IPv_Type: ipv4, Location: 美国-加利福尼亚州-洛杉矶, ISP: IT7网络, Date: None, Delay: 86 ms, Speed: 11.74 M/s, Resolution: 1920x1080
Name: 山西卫视, URL: https://iptv.catvod.com/live.php?id=%E5%B1%B1%E8%A5%BF%E5%8D%AB%E8%A7%86&line=2, From: subscribe, IPv_Type: ipv4, Location: 美国-加利福尼亚州-洛杉矶, ISP: IT7网络, Date: None, Delay: 86 ms, Speed: 11.74 M/s, Resolution: 1920x1080
Name: 山西卫视, URL: https://iptv.catvod.com/live.php?id=%E5%B1%B1%E8%A5%BF%E5%8D%AB%E8%A7%86&line=3, From: subscribe, IPv_Type: ipv4, Location: 美国-加利福尼亚州-洛杉矶, ISP: IT7网络, Date: None, Delay: 86 ms, Speed: 11.74 M/s, Resolution: 1920x1080
Name: 山西卫视, URL: https://iptv.catvod.com/live.php?id=%E5%B1%B1%E8%A5%BF%E5%8D%AB%E8%A7%86&line=4, From: subscribe, IPv_Type: ipv4, Location: 美国-加利福尼亚州-洛杉矶, ISP: IT7网络, Date: None, Delay: 86 ms, Speed: 11.74 M/s, Resolution: 1920x1080
Name: 山西卫视, URL: http://php.jdshipin.com/TVOD/hnyd.php?id=200000001898/460000089800010114, From: subscribe, IPv_Type: ipv6, Location: 美国, ISP: CloudFlare Inc., Date: None, Delay: 828 ms, Speed: 9.85 M/s, Resolution: 1920x1080
Name: 山西卫视, URL: http://38.75.136.137:98/gslb/dsdqpub/sxwshd.m3u8?auth=testpub, From: subscribe, IPv_Type: ipv4, Location: 美国-伊利诺伊州-库克, ISP: Cogent, Date: None, Delay: 468 ms, Speed: 9.46 M/s, Resolution: 1920x1080
Name: 山西卫视, URL: http://23.237.228.134/live8/shanxi.m3u8, From: subscribe, IPv_Type: ipv4, Location: 北美地区, ISP: , Date: None, Delay: 331 ms, Speed: 8.14 M/s, Resolution: 1920x1080
Name: 山西卫视, URL: http://23.237.228.134/live8/shanxiws.m3u8, From: subscribe, IPv_Type: ipv4, Location: 北美地区, ISP: , Date: None, Delay: 331 ms, Speed: 8.14 M/s, Resolution: 1920x1080
Name: 山西卫视, URL: http://cc02.tv12.xyz/8.m3u8, From: subscribe, IPv_Type: ipv6, Location: 美国, ISP: CloudFlare Inc., Date: None, Delay: 2455 ms, Speed: 0.97 M/s, Resolution: 1280x720
Name: 山西卫视, URL: http://cc02.tv12.xyz/8.m3u8, From: subscribe, IPv_Type: ipv6, Location: 美国, ISP: CloudFlare Inc., Date: None, Delay: 2455 ms, Speed: 0.97 M/s, Resolution: 1280x720
Name: 山西卫视, URL: http://satellitepull.cnr.cn/live/wxssxws/playlist.m3u8, From: subscribe, IPv_Type: ipv4, Location: 美国-德克萨斯州-达拉斯, ISP: 网宿科技CDN节点, Date: None, Delay: 117 ms, Speed: 0.81 M/s, Resolution: None
Name: 山西卫视, URL: http://183.11.239.36:808/hls/59/index.m3u8, From: subscribe, IPv_Type: ipv4, Location: 中国-广东-深圳, ISP: 电信, Date: None, Delay: 12801 ms, Speed: 0.01 M/s, Resolution: None
Name: 山西卫视, URL: rtsp://183.59.156.166/PLTV/88888905/224/3221227110/10000100000000060000000000937735_0.smil?rrsip=125.88.104.40, From: subscribe, IPv_Type: ipv4, Location: 中国-广东-广州, ISP: 电信, Date: None, Delay: 12006 ms, Speed: 0.00 M/s, Resolution: None
Name: 山西卫视, URL: rtsp://10.15.250.13/PLTV/460033/224/0/3221226042/3221225917.smil, From: subscribe, IPv_Type: ipv4, Location: IANA, ISP: 局域网IP(Private-Use), Date: None, Delay: 12008 ms, Speed: 0.00 M/s, Resolution: None
Name: 陕西卫视, URL: https://iptv.catvod.com/live.php?id=%E9%99%95%E8%A5%BF%E5%8D%AB%E8%A7%86, From: subscribe, IPv_Type: ipv6, Location: 美国, ISP: CloudFlare Inc., Date: None, Delay: 86 ms, Speed: 11.74 M/s, Resolution: 1920x1080
Name: 陕西卫视, URL: https://iptv.catvod.com/live.php?id=%E9%99%95%E8%A5%BF%E5%8D%AB%E8%A7%86%E5%8F%B0, From: subscribe, IPv_Type: ipv6, Location: 美国, ISP: CloudFlare Inc., Date: None, Delay: 86 ms, Speed: 11.74 M/s, Resolution: 1920x1080
Name: 陕西卫视, URL: https://iptv.catvod.com/live.php?id=%E9%99%95%E8%A5%BF%E5%8D%AB%E8%A7%86&line=1, From: subscribe, IPv_Type: ipv4, Location: 美国-加利福尼亚州-洛杉矶, ISP: IT7网络, Date: None, Delay: 86 ms, Speed: 11.74 M/s, Resolution: 1920x1080
Name: 陕西卫视, URL: https://iptv.catvod.com/live.php?id=%E9%99%95%E8%A5%BF%E5%8D%AB%E8%A7%86&line=2, From: subscribe, IPv_Type: ipv4, Location: 美国-加利福尼亚州-洛杉矶, ISP: IT7网络, Date: None, Delay: 86 ms, Speed: 11.74 M/s, Resolution: 1920x1080
Name: 陕西卫视, URL: https://iptv.catvod.com/live.php?id=%E9%99%95%E8%A5%BF%E5%8D%AB%E8%A7%86&line=3, From: subscribe, IPv_Type: ipv4, Location: 美国-加利福尼亚州-洛杉矶, ISP: IT7网络, Date: None, Delay: 86 ms, Speed: 11.74 M/s, Resolution: 1920x1080
Name: 陕西卫视, URL: http://php.jdshipin.com/TVOD/hnyd.php?id=200000001898/460000089800010113, From: subscribe, IPv_Type: ipv6, Location: 美国, ISP: CloudFlare Inc., Date: None, Delay: 828 ms, Speed: 9.85 M/s, Resolution: 1920x1080
Name: 陕西卫视, URL: http://38.75.136.137:98/gslb/dsdqpub/snwshd.m3u8?auth=testpub, From: subscribe, IPv_Type: ipv4, Location: 美国-伊利诺伊州-库克, ISP: Cogent, Date: None, Delay: 468 ms, Speed: 9.46 M/s, Resolution: 1920x1080
Name: 陕西卫视, URL: http://23.237.228.134/live8/shanxiws.m3u8, From: subscribe, IPv_Type: ipv4, Location: 北美地区, ISP: , Date: None, Delay: 331 ms, Speed: 8.14 M/s, Resolution: 1920x1080
Name: 陕西卫视, URL: http://23.237.228.134/live6/sichuan.m3u8, From: subscribe, IPv_Type: ipv4, Location: 北美地区, ISP: , Date: None, Delay: 331 ms, Speed: 8.14 M/s, Resolution: 1920x1080
Name: 陕西卫视, URL: http://satellitepull.cnr.cn/live/wxsxxws/playlist.m3u8, From: subscribe, IPv_Type: ipv4, Location: 美国-德克萨斯州-达拉斯, ISP: 网宿科技CDN节点, Date: None, Delay: 117 ms, Speed: 0.81 M/s, Resolution: None
Name: 陕西卫视, URL: http://39.106.167.36/migu.php?id=738910838, From: subscribe, IPv_Type: ipv4, Location: 中国-北京-北京, ISP: 阿里云, Date: None, Delay: 2231 ms, Speed: 0.64 M/s, Resolution: 854x480
Name: 陕西卫视, URL: http://112.123.243.37:50085/tsfile/live/0109_1.m3u8, From: subscribe, IPv_Type: ipv4, Location: 中国-安徽-黄山, ISP: 联通, Date: None, Delay: 12582 ms, Speed: 0.27 M/s, Resolution: 720x576
Name: 陕西卫视, URL: http://111.221.137.234:44330/tsfile/live/0116_2.m3u8?key=txiptv&playlive=0&authid=0, From: subscribe, IPv_Type: ipv4, Location: 中国-广东-深圳, ISP: 天威视讯, Date: None, Delay: 12456 ms, Speed: 0.09 M/s, Resolution: None
Name: 陕西卫视, URL: http://shuangyashan.coccc.online:65000/tsfile/live/0136_1.m3u8?key=txiptv&playlive=1&authid=0, From: subscribe, IPv_Type: ipv4, Location: 中国-黑龙江-大庆, ISP: 电信, Date: None, Delay: 12707 ms, Speed: 0.07 M/s, Resolution: None
Name: 陕西卫视, URL: http://sun135790.x3322.net:9901/tsfile/live/16048_1.m3u8?key=txiptv&playlive=1&authid=0, From: subscribe, IPv_Type: ipv4, Location: 中国-天津-天津, ISP: 联通, Date: None, Delay: 12542 ms, Speed: 0.03 M/s, Resolution: 1920x1080
Name: 陕西卫视, URL: http://shijiazhuangjingshi-b.synology.me:8092/hls/37/index.m3u8, From: subscribe, IPv_Type: ipv4, Location: 中国-河北-石家庄, ISP: 电信, Date: None, Delay: 12973 ms, Speed: 0.02 M/s, Resolution: None
Name: 陕西卫视, URL: rtsp://10.15.250.13/PLTV/88888888/224/3221226453/iptv127270.smil, From: subscribe, IPv_Type: ipv4, Location: IANA, ISP: 局域网IP(Private-Use), Date: None, Delay: 12008 ms, Speed: 0.00 M/s, Resolution: None
Name: 陕西卫视, URL: rtsp://183.59.156.166/PLTV/88888905/224/3221227090/10000100000000060000000000937749_0.smil?rrsip=125.88.104.40, From: subscribe, IPv_Type: ipv4, Location: 中国-广东-广州, ISP: 电信, Date: None, Delay: 12006 ms, Speed: 0.00 M/s, Resolution: None
Name: 四川卫视, URL: https://iptv.catvod.com/live.php?id=%E5%9B%9B%E5%B7%9D%E5%8D%AB%E8%A7%864K%E5%8F%B0, From: subscribe, IPv_Type: ipv6, Location: 美国, ISP: CloudFlare Inc., Date: None, Delay: 86 ms, Speed: 11.74 M/s, Resolution: 1920x1080
Name: 四川卫视, URL: https://iptv.catvod.com/live.php?id=%E5%9B%9B%E5%B7%9D%E5%8D%AB%E8%A7%86%E5%8F%B0, From: subscribe, IPv_Type: ipv6, Location: 美国, ISP: CloudFlare Inc., Date: None, Delay: 86 ms, Speed: 11.74 M/s, Resolution: 1920x1080
Name: 四川卫视, URL: https://iptv.catvod.com/live.php?id=%E5%9B%9B%E5%B7%9D%E5%8D%AB%E8%A7%86, From: subscribe, IPv_Type: ipv4, Location: 美国-加利福尼亚州-洛杉矶, ISP: IT7网络, Date: None, Delay: 86 ms, Speed: 11.74 M/s, Resolution: 1920x1080
Name: 四川卫视, URL: https://iptv.catvod.com/live.php?id=%E5%9B%9B%E5%B7%9D%E5%8D%AB%E8%A7%86&line=1, From: subscribe, IPv_Type: ipv4, Location: 美国-加利福尼亚州-洛杉矶, ISP: IT7网络, Date: None, Delay: 86 ms, Speed: 11.74 M/s, Resolution: 1920x1080
Name: 四川卫视, URL: https://iptv.catvod.com/live.php?id=%E5%9B%9B%E5%B7%9D%E5%8D%AB%E8%A7%86&line=2, From: subscribe, IPv_Type: ipv4, Location: 美国-加利福尼亚州-洛杉矶, ISP: IT7网络, Date: None, Delay: 86 ms, Speed: 11.74 M/s, Resolution: 1920x1080
Name: 四川卫视, URL: https://iptv.catvod.com/live.php?id=%E5%9B%9B%E5%B7%9D%E5%8D%AB%E8%A7%86&line=3, From: subscribe, IPv_Type: ipv4, Location: 美国-加利福尼亚州-洛杉矶, ISP: IT7网络, Date: None, Delay: 86 ms, Speed: 11.74 M/s, Resolution: 1920x1080
Name: 四川卫视, URL: http://php.jdshipin.com/TVOD/hljyd.php?id=3221226338, From: subscribe, IPv_Type: ipv6, Location: 美国, ISP: CloudFlare Inc., Date: None, Delay: 828 ms, Speed: 9.85 M/s, Resolution: 1920x1080
Name: 四川卫视, URL: http://38.75.136.137:98/gslb/dsdqpub/scwshd.m3u8?auth=testpub, From: subscribe, IPv_Type: ipv4, Location: 美国-伊利诺伊州-库克, ISP: Cogent, Date: None, Delay: 468 ms, Speed: 9.46 M/s, Resolution: 1920x1080
Name: 四川卫视, URL: http://23.237.228.134/live6/sichuan.m3u8, From: subscribe, IPv_Type: ipv4, Location: 北美地区, ISP: , Date: None, Delay: 331 ms, Speed: 8.14 M/s, Resolution: 1920x1080
Name: 四川卫视, URL: http://106.53.99.30/tv/api.php?id=scws4k, From: subscribe, IPv_Type: ipv4, Location: 中国-广东-广州, ISP: 腾讯云, Date: None, Delay: 2463 ms, Speed: 0.92 M/s, Resolution: 3840x2160
Name: 四川卫视, URL: http://satellitepull.cnr.cn/live/wxscws/playlist.m3u8, From: subscribe, IPv_Type: ipv4, Location: 美国-德克萨斯州-达拉斯, ISP: 网宿科技CDN节点, Date: None, Delay: 117 ms, Speed: 0.81 M/s, Resolution: None
Name: 四川卫视, URL: http://60.13.52.236:65500/newlive/live/hls/36/live.m3u8, From: subscribe, IPv_Type: ipv4, Location: 中国-甘肃-兰州, ISP: 联通, Date: None, Delay: 10636 ms, Speed: 0.38 M/s, Resolution: 720x576
Name: 四川卫视, URL: http://60.13.52.236:65500/newlive/live/hls/36/live.m3u8, From: subscribe, IPv_Type: ipv4, Location: 中国-甘肃-兰州, ISP: 联通, Date: None, Delay: 10636 ms, Speed: 0.38 M/s, Resolution: 720x576
Name: 四川卫视, URL: http://218.17.33.178:53290/tsfile/live/0123_1.m3u8, From: subscribe, IPv_Type: ipv4, Location: 中国-广东-深圳, ISP: 电信, Date: None, Delay: 12699 ms, Speed: 0.32 M/s, Resolution: None
Name: 四川卫视, URL: http://39.152.103.17:8089/tsfile/live/1044_1.m3u8, From: subscribe, IPv_Type: ipv4, Location: 中国-辽宁-阜新, ISP: 移动, Date: None, Delay: 12769 ms, Speed: 0.11 M/s, Resolution: None
Name: 四川卫视, URL: http://111.221.137.234:44330/tsfile/live/0137_2.m3u8?key=txiptv&playlive=0&authid=0, From: subscribe, IPv_Type: ipv4, Location: 中国-广东-深圳, ISP: 天威视讯, Date: None, Delay: 12456 ms, Speed: 0.09 M/s, Resolution: None
Name: 四川卫视, URL: http://shuangyashan.coccc.online:65000/tsfile/live/0123_1.m3u8?key=txiptv&playlive=1&authid=0, From: subscribe, IPv_Type: ipv4, Location: 中国-黑龙江-大庆, ISP: 电信, Date: None, Delay: 12707 ms, Speed: 0.07 M/s, Resolution: None
Name: 四川卫视, URL: http://123.129.70.178/rtp/239.253.254.180:8000$山东联通组播源-cache:123.129.70.178, From: multicast, IPv_Type: ipv4, Location: 中国-山东-东营, ISP: 联通, Date: 2024-02-07, Delay: 12376 ms, Speed: 0.07 M/s, Resolution: 1920x1080
Name: 四川卫视, URL: http://sun135790.x3322.net:9901/tsfile/live/16040_1.m3u8?key=txiptv&playlive=1&authid=0, From: subscribe, IPv_Type: ipv4, Location: 中国-天津-天津, ISP: 联通, Date: None, Delay: 12542 ms, Speed: 0.03 M/s, Resolution: 1920x1080
Name: 四川卫视, URL: http://zqh2333.top:2222/rtp/239.94.0.115:5140, From: subscribe, IPv_Type: ipv4, Location: 中国-四川, ISP: 电信, Date: None, Delay: 754 ms, Speed: 0.02 M/s, Resolution: 3840x2160
Name: 四川卫视, URL: http://zqh2333.top:2222/rtp/239.94.0.115:5140, From: subscribe, IPv_Type: ipv4, Location: 中国-四川, ISP: 电信, Date: None, Delay: 754 ms, Speed: 0.02 M/s, Resolution: 3840x2160
Name: 四川卫视, URL: http://shijiazhuangjingshi-b.synology.me:8092/hls/41/index.m3u8, From: subscribe, IPv_Type: ipv4, Location: 中国-河北-石家庄, ISP: 电信, Date: None, Delay: 12973 ms, Speed: 0.02 M/s, Resolution: None
Name: 四川卫视, URL: http://183.11.239.36:808/hls/50/index.m3u8, From: subscribe, IPv_Type: ipv4, Location: 中国-广东-深圳, ISP: 电信, Date: None, Delay: 12801 ms, Speed: 0.01 M/s, Resolution: None
Name: 四川卫视, URL: http://61.136.172.236:9901/tsfile/live/0123_1.m3u8, From: subscribe, IPv_Type: ipv4, Location: 中国-湖北-黄石, ISP: 电信, Date: None, Delay: 12101 ms, Speed: 0.00 M/s, Resolution: None
Name: 四川卫视, URL: http://61.136.172.236:9901/tsfile/live/0123_1.m3u8?key=txiptv&playlive=1&authid=0, From: subscribe, IPv_Type: ipv4, Location: 中国-湖北-黄石, ISP: 电信, Date: None, Delay: 12101 ms, Speed: 0.00 M/s, Resolution: None
Name: 四川卫视, URL: http://222.169.85.8:9901/tsfile/live/0123_1.m3u8?key=txiptv&playlive=1&authid=0#rtsp://180.95.143.19/PLTV/88888910/224/3221225543/10000100000000060000000000107323_0.smil, From: subscribe, IPv_Type: ipv4, Location: 中国-吉林-辽源, ISP: 电信, Date: None, Delay: 12821 ms, Speed: 0.00 M/s, Resolution: None
Name: 四川卫视, URL: http://222.169.85.8:9901/tsfile/live/0123_1.m3u8, From: subscribe, IPv_Type: ipv4, Location: 中国-吉林-辽源, ISP: 电信, Date: None, Delay: 12821 ms, Speed: 0.00 M/s, Resolution: None
Name: 四川卫视, URL: http://222.169.85.8:9901/tsfile/live/0123_1.m3u8?key=txiptv&playlive=1&authid=0, From: subscribe, IPv_Type: ipv4, Location: 中国-吉林-辽源, ISP: 电信, Date: None, Delay: 12821 ms, Speed: 0.00 M/s, Resolution: None
Name: 四川卫视, URL: rtsp://183.59.156.166/PLTV/88888905/224/3221230312/831926586.smil?rrsip=125.88.104.40, From: subscribe, IPv_Type: ipv4, Location: 中国-广东-广州, ISP: 电信, Date: None, Delay: 12006 ms, Speed: 0.00 M/s, Resolution: None
Name: 四川卫视, URL: rtsp://183.59.156.166/PLTV/88888905/224/3221227882/10000100000000060000000006078789_0.smil?rrsip=125.88.104.40, From: subscribe, IPv_Type: ipv4, Location: 中国-广东-广州, ISP: 电信, Date: None, Delay: 12006 ms, Speed: 0.00 M/s, Resolution: None
Name: 四川卫视, URL: http://222.169.85.8:9901/tsfile/live/0123_1.m3u8?key=txiptv&playlive=1&authid=03, From: subscribe, IPv_Type: ipv4, Location: 中国-吉林-辽源, ISP: 电信, Date: None, Delay: 12821 ms, Speed: 0.00 M/s, Resolution: None
Name: 四川卫视, URL: rtsp://10.15.250.13/PLTV/88888888/224/3221226583/10000100000000060000000000623271_0.smil, From: subscribe, IPv_Type: ipv4, Location: IANA, ISP: 局域网IP(Private-Use), Date: None, Delay: 12008 ms, Speed: 0.00 M/s, Resolution: None
Name: 深圳卫视, URL: https://iptv.catvod.com/live.php?id=%E6%B7%B1%E5%9C%B3%E5%8D%AB%E8%A7%86%E5%8F%B0, From: subscribe, IPv_Type: ipv6, Location: 美国, ISP: CloudFlare Inc., Date: None, Delay: 86 ms, Speed: 11.74 M/s, Resolution: 1920x1080
Name: 深圳卫视, URL: https://iptv.catvod.com/live.php?id=%E6%B7%B1%E5%9C%B3%E5%8D%AB%E8%A7%86, From: subscribe, IPv_Type: ipv4, Location: 美国-加利福尼亚州-洛杉矶, ISP: IT7网络, Date: None, Delay: 86 ms, Speed: 11.74 M/s, Resolution: 1920x1080
Name: 深圳卫视, URL: https://iptv.catvod.com/live.php?id=%E6%B7%B1%E5%9C%B3%E5%8D%AB%E8%A7%86&line=1, From: subscribe, IPv_Type: ipv4, Location: 美国-加利福尼亚州-洛杉矶, ISP: IT7网络, Date: None, Delay: 86 ms, Speed: 11.74 M/s, Resolution: 1920x1080
Name: 深圳卫视, URL: https://iptv.catvod.com/live.php?id=%E6%B7%B1%E5%9C%B3%E5%8D%AB%E8%A7%86&line=2, From: subscribe, IPv_Type: ipv4, Location: 美国-加利福尼亚州-洛杉矶, ISP: IT7网络, Date: None, Delay: 86 ms, Speed: 11.74 M/s, Resolution: 1920x1080
Name: 深圳卫视, URL: https://iptv.catvod.com/live.php?id=%E6%B7%B1%E5%9C%B3%E5%8D%AB%E8%A7%86&line=3, From: subscribe, IPv_Type: ipv4, Location: 美国-加利福尼亚州-洛杉矶, ISP: IT7网络, Date: None, Delay: 86 ms, Speed: 11.74 M/s, Resolution: 1920x1080
Name: 深圳卫视, URL: http://php.jdshipin.com/TVOD/hnyd.php?id=200000001898/460000089800010068, From: subscribe, IPv_Type: ipv6, Location: 美国, ISP: CloudFlare Inc., Date: None, Delay: 828 ms, Speed: 9.85 M/s, Resolution: 1920x1080
Name: 深圳卫视, URL: http://38.75.136.137:98/gslb/dsdqpub/szwshd.m3u8?auth=testpub, From: subscribe, IPv_Type: ipv4, Location: 美国-伊利诺伊州-库克, ISP: Cogent, Date: None, Delay: 468 ms, Speed: 9.46 M/s, Resolution: 1920x1080
Name: 深圳卫视, URL: http://23.237.228.134/live6/shenzhen.m3u8, From: subscribe, IPv_Type: ipv4, Location: 北美地区, ISP: , Date: None, Delay: 331 ms, Speed: 8.14 M/s, Resolution: 1920x1080
Name: 深圳卫视, URL: http://60.13.52.236:65500/newlive/live/hls/24/live.m3u8, From: subscribe, IPv_Type: ipv4, Location: 中国-甘肃-兰州, ISP: 联通, Date: None, Delay: 10636 ms, Speed: 0.38 M/s, Resolution: 720x576
Name: 深圳卫视, URL: http://39.152.103.17:8089/tsfile/live/1049_1.m3u8, From: subscribe, IPv_Type: ipv4, Location: 中国-辽宁-阜新, ISP: 移动, Date: None, Delay: 12769 ms, Speed: 0.11 M/s, Resolution: None
Name: 深圳卫视, URL: http://111.221.137.234:44330/tsfile/live/1013_1.m3u8?key=txiptv&playlive=0&authid=0, From: subscribe, IPv_Type: ipv4, Location: 中国-广东-深圳, ISP: 天威视讯, Date: None, Delay: 12456 ms, Speed: 0.09 M/s, Resolution: None
Name: 深圳卫视, URL: http://shuangyashan.coccc.online:65000/tsfile/live/0126_1.m3u8?key=txiptv&playlive=1&authid=0, From: subscribe, IPv_Type: ipv4, Location: 中国-黑龙江-大庆, ISP: 电信, Date: None, Delay: 12707 ms, Speed: 0.07 M/s, Resolution: None
Name: 深圳卫视, URL: http://123.129.70.178/rtp/239.253.254.91:8000$山东联通组播源-cache:123.129.70.178, From: multicast, IPv_Type: ipv4, Location: 中国-山东-东营, ISP: 联通, Date: 2024-02-07, Delay: 12376 ms, Speed: 0.07 M/s, Resolution: 1920x1080
Name: 深圳卫视, URL: http://139.196.151.191/rtp/239.45.3.231:5140$上海电信组播源-cache:139.196.151.191, From: multicast, IPv_Type: ipv4, Location: 中国-上海-上海, ISP: 阿里云BGP数据中心, Date: 2024-03-01, Delay: 2410 ms, Speed: 0.07 M/s, Resolution: None
Name: 深圳卫视, URL: http://139.196.151.191/rtp/239.45.3.231:5140$上海电信组播源-cache:139.196.151.191, From: multicast, IPv_Type: ipv4, Location: 中国-上海-上海, ISP: 阿里云BGP数据中心, Date: 2024-03-01, Delay: 2410 ms, Speed: 0.07 M/s, Resolution: None
Name: 深圳卫视, URL: http://sun135790.x3322.net:9901/tsfile/live/16035_1.m3u8?key=txiptv&playlive=1&authid=0, From: subscribe, IPv_Type: ipv4, Location: 中国-天津-天津, ISP: 联通, Date: None, Delay: 12542 ms, Speed: 0.03 M/s, Resolution: 1920x1080
Name: 深圳卫视, URL: http://shijiazhuangjingshi-b.synology.me:8092/hls/35/index.m3u8, From: subscribe, IPv_Type: ipv4, Location: 中国-河北-石家庄, ISP: 电信, Date: None, Delay: 12973 ms, Speed: 0.02 M/s, Resolution: None
Name: 深圳卫视, URL: http://183.11.239.36:808/hls/45/index.m3u8, From: subscribe, IPv_Type: ipv4, Location: 中国-广东-深圳, ISP: 电信, Date: None, Delay: 12801 ms, Speed: 0.01 M/s, Resolution: None
Name: 深圳卫视, URL: http://61.136.172.236:9901/tsfile/live/0126_1.m3u8, From: subscribe, IPv_Type: ipv4, Location: 中国-湖北-黄石, ISP: 电信, Date: None, Delay: 12101 ms, Speed: 0.00 M/s, Resolution: None
Name: 深圳卫视, URL: http://61.136.172.236:9901/tsfile/live/0126_1.m3u8?key=txiptv&playlive=1&authid=0, From: subscribe, IPv_Type: ipv4, Location: 中国-湖北-黄石, ISP: 电信, Date: None, Delay: 12101 ms, Speed: 0.00 M/s, Resolution: None
Name: 深圳卫视, URL: http://222.169.85.8:9901/tsfile/live/0126_1.m3u8?key=txiptv&playlive=1&authid=0, From: subscribe, IPv_Type: ipv4, Location: 中国-吉林-辽源, ISP: 电信, Date: None, Delay: 12821 ms, Speed: 0.00 M/s, Resolution: None
Name: 深圳卫视, URL: http://222.169.85.8:9901/tsfile/live/0126_1.m3u8?key=txiptv&amp;playlive=1&amp;authid=0, From: subscribe, IPv_Type: ipv4, Location: 中国-吉林-辽源, ISP: 电信, Date: None, Delay: 12821 ms, Speed: 0.00 M/s, Resolution: None
Name: 深圳卫视, URL: http://222.169.85.8:9901/tsfile/live/0126_1.m3u8, From: subscribe, IPv_Type: ipv4, Location: 中国-吉林-辽源, ISP: 电信, Date: None, Delay: 12821 ms, Speed: 0.00 M/s, Resolution: None
Name: 深圳卫视, URL: http://222.169.85.8:9901/tsfile/live/0126_1.m3u8?key=txiptv&amp;amp;playlive=1&amp;amp;authid=0, From: subscribe, IPv_Type: ipv4, Location: 中国-吉林-辽源, ISP: 电信, Date: None, Delay: 12821 ms, Speed: 0.00 M/s, Resolution: None
Name: 深圳卫视, URL: rtsp://183.59.156.166/PLTV/88888905/224/3221227267/10000100000000060000000001141334_0.smil?rrsip=125.88.104.40, From: subscribe, IPv_Type: ipv4, Location: 中国-广东-广州, ISP: 电信, Date: None, Delay: 12006 ms, Speed: 0.00 M/s, Resolution: None
Name: 深圳卫视, URL: rtsp://10.15.250.13/PLTV/88888888/224/3221226472/10000100000000060000000000133821_0.smil, From: subscribe, IPv_Type: ipv4, Location: IANA, ISP: 局域网IP(Private-Use), Date: None, Delay: 12008 ms, Speed: 0.00 M/s, Resolution: None
Name: 三沙卫视, URL: https://iptv.catvod.com/live.php?id=%E4%B8%89%E6%B2%99%E5%8D%AB%E8%A7%86, From: subscribe, IPv_Type: ipv6, Location: 美国, ISP: CloudFlare Inc., Date: None, Delay: 86 ms, Speed: 11.74 M/s, Resolution: 1920x1080
Name: 三沙卫视, URL: https://iptv.catvod.com/live.php?id=%E4%B8%89%E6%B2%99%E5%8D%AB%E8%A7%86&line=1, From: subscribe, IPv_Type: ipv4, Location: 美国-加利福尼亚州-洛杉矶, ISP: IT7网络, Date: None, Delay: 86 ms, Speed: 11.74 M/s, Resolution: 1920x1080
Name: 三沙卫视, URL: https://iptv.catvod.com/live.php?id=%E4%B8%89%E6%B2%99%E5%8D%AB%E8%A7%86&line=2, From: subscribe, IPv_Type: ipv4, Location: 美国-加利福尼亚州-洛杉矶, ISP: IT7网络, Date: None, Delay: 86 ms, Speed: 11.74 M/s, Resolution: 1920x1080
Name: 三沙卫视, URL: https://iptv.catvod.com/live.php?id=%E4%B8%89%E6%B2%99%E5%8D%AB%E8%A7%86&line=3, From: subscribe, IPv_Type: ipv4, Location: 美国-加利福尼亚州-洛杉矶, ISP: IT7网络, Date: None, Delay: 86 ms, Speed: 11.74 M/s, Resolution: 1920x1080
Name: 三沙卫视, URL: http://38.75.136.137:98/gslb/dsdqpub/ssws.m3u8?auth=testpub, From: subscribe, IPv_Type: ipv4, Location: 美国-伊利诺伊州-库克, ISP: Cogent, Date: None, Delay: 468 ms, Speed: 9.46 M/s, Resolution: 1920x1080
Name: 三沙卫视, URL: http://39.106.167.36/migu.php?id=961023778, From: subscribe, IPv_Type: ipv4, Location: 中国-北京-北京, ISP: 阿里云, Date: None, Delay: 2231 ms, Speed: 0.64 M/s, Resolution: 854x480
Name: 三沙卫视, URL: http://139.196.151.191/rtp/239.45.1.82:5140$上海电信组播源-cache:139.196.151.191, From: multicast, IPv_Type: ipv4, Location: 中国-上海-上海, ISP: 阿里云BGP数据中心, Date: 2024-03-01, Delay: 2410 ms, Speed: 0.07 M/s, Resolution: None
Name: 三沙卫视, URL: rtsp://183.59.156.166/PLTV/88888905/224/3221230306/571071008.smil?rrsip=125.88.104.40, From: subscribe, IPv_Type: ipv4, Location: 中国-广东-广州, ISP: 电信, Date: None, Delay: 12006 ms, Speed: 0.00 M/s, Resolution: None
Name: 三沙卫视, URL: rtsp://10.15.250.13/PLTV/88888888/224/3221226947/456532401.smil, From: subscribe, IPv_Type: ipv4, Location: IANA, ISP: 局域网IP(Private-Use), Date: None, Delay: 12008 ms, Speed: 0.00 M/s, Resolution: None
Name: 天津卫视, URL: https://iptv.catvod.com/live.php?id=%E5%A4%A9%E6%B4%A5%E5%8D%AB%E8%A7%86%E5%8F%B0, From: subscribe, IPv_Type: ipv6, Location: 美国, ISP: CloudFlare Inc., Date: None, Delay: 86 ms, Speed: 11.74 M/s, Resolution: 1920x1080
Name: 天津卫视, URL: https://iptv.catvod.com/live.php?id=%E5%A4%A9%E6%B4%A5%E5%8D%AB%E8%A7%86, From: subscribe, IPv_Type: ipv6, Location: 美国, ISP: CloudFlare Inc., Date: None, Delay: 86 ms, Speed: 11.74 M/s, Resolution: 1920x1080
Name: 天津卫视, URL: https://iptv.catvod.com/live.php?id=%E5%A4%A9%E6%B4%A5%E5%8D%AB%E8%A7%86&line=1, From: subscribe, IPv_Type: ipv4, Location: 美国-加利福尼亚州-洛杉矶, ISP: IT7网络, Date: None, Delay: 86 ms, Speed: 11.74 M/s, Resolution: 1920x1080
Name: 天津卫视, URL: https://iptv.catvod.com/live.php?id=%E5%A4%A9%E6%B4%A5%E5%8D%AB%E8%A7%86&line=2, From: subscribe, IPv_Type: ipv4, Location: 美国-加利福尼亚州-洛杉矶, ISP: IT7网络, Date: None, Delay: 86 ms, Speed: 11.74 M/s, Resolution: 1920x1080
Name: 天津卫视, URL: https://iptv.catvod.com/live.php?id=%E5%A4%A9%E6%B4%A5%E5%8D%AB%E8%A7%86&line=3, From: subscribe, IPv_Type: ipv4, Location: 美国-加利福尼亚州-洛杉矶, ISP: IT7网络, Date: None, Delay: 86 ms, Speed: 11.74 M/s, Resolution: 1920x1080
Name: 天津卫视, URL: https://iptv.catvod.com/live.php?id=%E5%A4%A9%E6%B4%A5%E5%8D%AB%E8%A7%86&line=4, From: subscribe, IPv_Type: ipv4, Location: 美国-加利福尼亚州-洛杉矶, ISP: IT7网络, Date: None, Delay: 86 ms, Speed: 11.74 M/s, Resolution: 1920x1080
Name: 天津卫视, URL: http://php.jdshipin.com/TVOD/hljyd.php?id=3221226459, From: subscribe, IPv_Type: ipv6, Location: 美国, ISP: CloudFlare Inc., Date: None, Delay: 828 ms, Speed: 9.85 M/s, Resolution: 1920x1080
Name: 天津卫视, URL: http://38.75.136.137:98/gslb/dsdqpub/tjwshd.m3u8?auth=testpub, From: subscribe, IPv_Type: ipv4, Location: 美国-伊利诺伊州-库克, ISP: Cogent, Date: None, Delay: 468 ms, Speed: 9.46 M/s, Resolution: 1920x1080
Name: 天津卫视, URL: http://38.75.136.137:98/gslb/dsdqca/tjwshd.m3u8?auth=test20251009, From: subscribe, IPv_Type: ipv4, Location: 美国-伊利诺伊州-库克, ISP: Cogent, Date: None, Delay: 468 ms, Speed: 9.46 M/s, Resolution: 1920x1080
Name: 天津卫视, URL: http://23.237.228.134/live8/tianjing.m3u8, From: subscribe, IPv_Type: ipv4, Location: 北美地区, ISP: , Date: None, Delay: 331 ms, Speed: 8.14 M/s, Resolution: 1920x1080
Name: 天津卫视, URL: http://60.13.52.236:65500/newlive/live/hls/28/live.m3u8, From: subscribe, IPv_Type: ipv4, Location: 中国-甘肃-兰州, ISP: 联通, Date: None, Delay: 10636 ms, Speed: 0.38 M/s, Resolution: 720x576
Name: 天津卫视, URL: http://112.123.243.37:50085/tsfile/live/0128_1.m3u8?key=txiptv&playlive=0&authid=0, From: subscribe, IPv_Type: ipv4, Location: 中国-安徽-黄山, ISP: 联通, Date: None, Delay: 12582 ms, Speed: 0.27 M/s, Resolution: 720x576
Name: 天津卫视, URL: http://39.152.103.17:8089/tsfile/live/1035_1.m3u8, From: subscribe, IPv_Type: ipv4, Location: 中国-辽宁-阜新, ISP: 移动, Date: None, Delay: 12769 ms, Speed: 0.11 M/s, Resolution: None
Name: 天津卫视, URL: http://111.221.137.234:44330/tsfile/live/0132_1.m3u8?key=txiptv&playlive=0&authid=0, From: subscribe, IPv_Type: ipv4, Location: 中国-广东-深圳, ISP: 天威视讯, Date: None, Delay: 12456 ms, Speed: 0.09 M/s, Resolution: None
Name: 天津卫视, URL: http://shuangyashan.coccc.online:65000/tsfile/live/0135_1.m3u8?key=txiptv&playlive=1&authid=0, From: subscribe, IPv_Type: ipv4, Location: 中国-黑龙江-大庆, ISP: 电信, Date: None, Delay: 12707 ms, Speed: 0.07 M/s, Resolution: None
Name: 天津卫视, URL: http://123.129.70.178/rtp/239.253.254.89:8000$山东联通组播源-cache:123.129.70.178, From: multicast, IPv_Type: ipv4, Location: 中国-山东-东营, ISP: 联通, Date: 2024-02-07, Delay: 12376 ms, Speed: 0.07 M/s, Resolution: 1920x1080
Name: 天津卫视, URL: http://139.196.151.191/rtp/239.45.1.124:5140$上海电信组播源-cache:139.196.151.191, From: multicast, IPv_Type: ipv4, Location: 中国-上海-上海, ISP: 阿里云BGP数据中心, Date: 2024-03-01, Delay: 2410 ms, Speed: 0.07 M/s, Resolution: None
Name: 天津卫视, URL: http://112.46.105.20:8009/hls/44/index.m3u8, From: subscribe, IPv_Type: ipv4, Location: 中国-陕西-咸阳, ISP: 移动, Date: None, Delay: 12199 ms, Speed: 0.02 M/s, Resolution: None
Name: 天津卫视, URL: http://112.46.105.20:8009/hls/44/index.m3u8, From: subscribe, IPv_Type: ipv4, Location: 中国-陕西-咸阳, ISP: 移动, Date: None, Delay: 12199 ms, Speed: 0.02 M/s, Resolution: None
Name: 天津卫视, URL: http://shijiazhuangjingshi-b.synology.me:8092/hls/25/index.m3u8, From: subscribe, IPv_Type: ipv4, Location: 中国-河北-石家庄, ISP: 电信, Date: None, Delay: 12973 ms, Speed: 0.02 M/s, Resolution: None
Name: 天津卫视, URL: http://183.11.239.36:808/hls/42/index.m3u8, From: subscribe, IPv_Type: ipv4, Location: 中国-广东-深圳, ISP: 电信, Date: None, Delay: 12801 ms, Speed: 0.01 M/s, Resolution: None
Name: 天津卫视, URL: http://61.136.172.236:9901/tsfile/live/0135_1.m3u8, From: subscribe, IPv_Type: ipv4, Location: 中国-湖北-黄石, ISP: 电信, Date: None, Delay: 12101 ms, Speed: 0.00 M/s, Resolution: None
Name: 天津卫视, URL: http://61.136.172.236:9901/tsfile/live/0135_1.m3u8?key=txiptv&playlive=1&authid=0, From: subscribe, IPv_Type: ipv4, Location: 中国-湖北-黄石, ISP: 电信, Date: None, Delay: 12101 ms, Speed: 0.00 M/s, Resolution: None
Name: 天津卫视, URL: http://222.169.85.8:9901/tsfile/live/0135_1.m3u8?key=txiptv&playlive=1&authid=0, From: subscribe, IPv_Type: ipv4, Location: 中国-吉林-辽源, ISP: 电信, Date: None, Delay: 12821 ms, Speed: 0.00 M/s, Resolution: None
Name: 天津卫视, URL: http://222.169.85.8:9901/tsfile/live/0135_1.m3u8?key=txiptv&amp;playlive=1&amp;authid=0, From: subscribe, IPv_Type: ipv4, Location: 中国-吉林-辽源, ISP: 电信, Date: None, Delay: 12821 ms, Speed: 0.00 M/s, Resolution: None
Name: 天津卫视, URL: http://222.169.85.8:9901/tsfile/live/0135_1.m3u8, From: subscribe, IPv_Type: ipv4, Location: 中国-吉林-辽源, ISP: 电信, Date: None, Delay: 12821 ms, Speed: 0.00 M/s, Resolution: None
Name: 天津卫视, URL: http://222.169.85.8:9901/tsfile/live/0135_1.m3u8?key=txiptv&amp;amp;playlive=1&amp;amp;authid=0, From: subscribe, IPv_Type: ipv4, Location: 中国-吉林-辽源, ISP: 电信, Date: None, Delay: 12821 ms, Speed: 0.00 M/s, Resolution: None
Name: 天津卫视, URL: http://222.169.85.8:9901/tsfile/live/0135_1.m3u8?key=txiptv, From: subscribe, IPv_Type: ipv4, Location: 中国-吉林-辽源, ISP: 电信, Date: None, Delay: 12821 ms, Speed: 0.00 M/s, Resolution: None
Name: 天津卫视, URL: rtsp://10.15.250.13/PLTV/88888888/224/3221226509/10000100000000060000000000356893_0.smil, From: subscribe, IPv_Type: ipv4, Location: IANA, ISP: 局域网IP(Private-Use), Date: None, Delay: 12008 ms, Speed: 0.00 M/s, Resolution: None
Name: 天津卫视, URL: rtsp://183.59.156.166/PLTV/88888905/224/3221227346/10000100000000060000000003100521_0.smil?rrsip=125.88.104.40, From: subscribe, IPv_Type: ipv4, Location: 中国-广东-广州, ISP: 电信, Date: None, Delay: 12006 ms, Speed: 0.00 M/s, Resolution: None
Name: 西藏卫视, URL: https://iptv.catvod.com/live.php?id=%E8%A5%BF%E8%97%8F%E5%8D%AB%E8%A7%86%E5%8F%B0, From: subscribe, IPv_Type: ipv6, Location: 美国, ISP: CloudFlare Inc., Date: None, Delay: 86 ms, Speed: 11.74 M/s, Resolution: 1920x1080
Name: 西藏卫视, URL: https://iptv.catvod.com/live.php?id=%E8%A5%BF%E8%97%8F%E5%8D%AB%E8%A7%86, From: subscribe, IPv_Type: ipv6, Location: 美国, ISP: CloudFlare Inc., Date: None, Delay: 86 ms, Speed: 11.74 M/s, Resolution: 1920x1080
Name: 西藏卫视, URL: https://iptv.catvod.com/live.php?id=%E8%A5%BF%E8%97%8F%E5%8D%AB%E8%A7%86&line=1, From: subscribe, IPv_Type: ipv4, Location: 美国-加利福尼亚州-洛杉矶, ISP: IT7网络, Date: None, Delay: 86 ms, Speed: 11.74 M/s, Resolution: 1920x1080
Name: 西藏卫视, URL: https://iptv.catvod.com/live.php?id=%E8%A5%BF%E8%97%8F%E5%8D%AB%E8%A7%86&line=2, From: subscribe, IPv_Type: ipv4, Location: 美国-加利福尼亚州-洛杉矶, ISP: IT7网络, Date: None, Delay: 86 ms, Speed: 11.74 M/s, Resolution: 1920x1080
Name: 西藏卫视, URL: https://iptv.catvod.com/live.php?id=%E8%A5%BF%E8%97%8F%E5%8D%AB%E8%A7%86&line=3, From: subscribe, IPv_Type: ipv4, Location: 美国-加利福尼亚州-洛杉矶, ISP: IT7网络, Date: None, Delay: 86 ms, Speed: 11.74 M/s, Resolution: 1920x1080
Name: 西藏卫视, URL: http://php.jdshipin.com/TVOD/hljyd.php?id=3221225638, From: subscribe, IPv_Type: ipv6, Location: 美国, ISP: CloudFlare Inc., Date: None, Delay: 828 ms, Speed: 9.85 M/s, Resolution: 1920x1080
Name: 西藏卫视, URL: http://php.jdshipin.com:8880/xztv.php?id=ws, From: subscribe, IPv_Type: ipv6, Location: 美国, ISP: CloudFlare Inc., Date: None, Delay: 828 ms, Speed: 9.85 M/s, Resolution: 1920x1080
Name: 西藏卫视, URL: http://php.jdshipin.com/xztv.php?id=ws, From: subscribe, IPv_Type: ipv6, Location: 美国, ISP: CloudFlare Inc., Date: None, Delay: 828 ms, Speed: 9.85 M/s, Resolution: 1920x1080
Name: 西藏卫视, URL: http://cc02.tv12.xyz/9.m3u8, From: subscribe, IPv_Type: ipv6, Location: 美国, ISP: CloudFlare Inc., Date: None, Delay: 2455 ms, Speed: 0.97 M/s, Resolution: 1280x720
Name: 西藏卫视, URL: http://satellitepull.cnr.cn/live/wxxzws/playlist.m3u8, From: subscribe, IPv_Type: ipv4, Location: 美国-德克萨斯州-达拉斯, ISP: 网宿科技CDN节点, Date: None, Delay: 117 ms, Speed: 0.81 M/s, Resolution: None
Name: 西藏卫视, URL: http://60.13.52.236:65500/newlive/live/hls/45/live.m3u8, From: subscribe, IPv_Type: ipv4, Location: 中国-甘肃-兰州, ISP: 联通, Date: None, Delay: 10636 ms, Speed: 0.38 M/s, Resolution: 720x576
Name: 西藏卫视, URL: http://139.196.151.191/rtp/239.45.1.231:5140$上海电信组播源-cache:139.196.151.191, From: multicast, IPv_Type: ipv4, Location: 中国-上海-上海, ISP: 阿里云BGP数据中心, Date: 2024-03-01, Delay: 2410 ms, Speed: 0.07 M/s, Resolution: None
Name: 西藏卫视, URL: http://112.46.105.20:8009/hls/59/index.m3u8, From: subscribe, IPv_Type: ipv4, Location: 中国-陕西-咸阳, ISP: 移动, Date: None, Delay: 12199 ms, Speed: 0.02 M/s, Resolution: None
Name: 西藏卫视, URL: http://183.11.239.36:808/hls/64/index.m3u8, From: subscribe, IPv_Type: ipv4, Location: 中国-广东-深圳, ISP: 电信, Date: None, Delay: 12801 ms, Speed: 0.01 M/s, Resolution: None
Name: 新疆卫视, URL: https://iptv.catvod.com/live.php?id=%E6%96%B0%E7%96%86%E5%8D%AB%E8%A7%86%E5%8F%B0, From: subscribe, IPv_Type: ipv6, Location: 美国, ISP: CloudFlare Inc., Date: None, Delay: 86 ms, Speed: 11.74 M/s, Resolution: 1920x1080
Name: 新疆卫视, URL: https://iptv.catvod.com/live.php?id=%E6%96%B0%E7%96%86%E5%8D%AB%E8%A7%86, From: subscribe, IPv_Type: ipv4, Location: 美国-加利福尼亚州-洛杉矶, ISP: IT7网络, Date: None, Delay: 86 ms, Speed: 11.74 M/s, Resolution: 1920x1080
Name: 新疆卫视, URL: https://iptv.catvod.com/live.php?id=%E6%96%B0%E7%96%86%E5%8D%AB%E8%A7%86&line=1, From: subscribe, IPv_Type: ipv4, Location: 美国-加利福尼亚州-洛杉矶, ISP: IT7网络, Date: None, Delay: 86 ms, Speed: 11.74 M/s, Resolution: 1920x1080
Name: 新疆卫视, URL: https://iptv.catvod.com/live.php?id=%E6%96%B0%E7%96%86%E5%8D%AB%E8%A7%86&line=2, From: subscribe, IPv_Type: ipv4, Location: 美国-加利福尼亚州-洛杉矶, ISP: IT7网络, Date: None, Delay: 86 ms, Speed: 11.74 M/s, Resolution: 1920x1080
Name: 新疆卫视, URL: https://iptv.catvod.com/live.php?id=%E6%96%B0%E7%96%86%E5%8D%AB%E8%A7%86&line=3, From: subscribe, IPv_Type: ipv4, Location: 美国-加利福尼亚州-洛杉矶, ISP: IT7网络, Date: None, Delay: 86 ms, Speed: 11.74 M/s, Resolution: 1920x1080
Name: 新疆卫视, URL: http://php.jdshipin.com/TVOD/hljyd.php?id=3221225635, From: subscribe, IPv_Type: ipv6, Location: 美国, ISP: CloudFlare Inc., Date: None, Delay: 828 ms, Speed: 9.85 M/s, Resolution: 1920x1080
Name: 新疆卫视, URL: http://38.75.136.137:98/gslb/dsdqpub/xjws.m3u8?auth=testpub, From: subscribe, IPv_Type: ipv4, Location: 美国-伊利诺伊州-库克, ISP: Cogent, Date: None, Delay: 468 ms, Speed: 9.46 M/s, Resolution: 1920x1080
Name: 新疆卫视, URL: http://cc02.tv12.xyz/10.m3u8, From: subscribe, IPv_Type: ipv6, Location: 美国, ISP: CloudFlare Inc., Date: None, Delay: 2455 ms, Speed: 0.97 M/s, Resolution: 1280x720
Name: 新疆卫视, URL: http://satellitepull.cnr.cn/live/wxxjws/playlist.m3u8, From: subscribe, IPv_Type: ipv4, Location: 美国-德克萨斯州-达拉斯, ISP: 网宿科技CDN节点, Date: None, Delay: 117 ms, Speed: 0.81 M/s, Resolution: None
Name: 新疆卫视, URL: http://218.84.12.186:8001/hls/main/playlist.m3u8, From: subscribe, IPv_Type: ipv4, Location: 中国-新疆-伊犁哈萨克自治州, ISP: 电信, Date: None, Delay: 3927 ms, Speed: 0.36 M/s, Resolution: 1920x1080
Name: 新疆卫视, URL: http://218.84.12.186:8001/hls/main/playlist.m3u8, From: subscribe, IPv_Type: ipv4, Location: 中国-新疆-伊犁哈萨克自治州, ISP: 电信, Date: None, Delay: 3927 ms, Speed: 0.36 M/s, Resolution: 1920x1080
Name: 新疆卫视, URL: http://218.17.33.178:53290/tsfile/live/0110_1.m3u8?key=txiptv, From: subscribe, IPv_Type: ipv4, Location: 中国-广东-深圳, ISP: 电信, Date: None, Delay: 12699 ms, Speed: 0.32 M/s, Resolution: None
Name: 新疆卫视, URL: http://39.152.103.17:8089/tsfile/live/1087_1.m3u8, From: subscribe, IPv_Type: ipv4, Location: 中国-辽宁-阜新, ISP: 移动, Date: None, Delay: 12769 ms, Speed: 0.11 M/s, Resolution: None
Name: 新疆卫视, URL: http://shuangyashan.coccc.online:65000/tsfile/live/0110_1.m3u8?key=txiptv&playlive=1&authid=0, From: subscribe, IPv_Type: ipv4, Location: 中国-黑龙江-大庆, ISP: 电信, Date: None, Delay: 12707 ms, Speed: 0.07 M/s, Resolution: None
Name: 新疆卫视, URL: http://139.196.151.191/rtp/239.45.1.116:5140$上海电信组播源-cache:139.196.151.191, From: multicast, IPv_Type: ipv4, Location: 中国-上海-上海, ISP: 阿里云BGP数据中心, Date: 2024-03-01, Delay: 2410 ms, Speed: 0.07 M/s, Resolution: None
Name: 新疆卫视, URL: http://112.46.105.20:8009/hls/61/index.m3u8, From: subscribe, IPv_Type: ipv4, Location: 中国-陕西-咸阳, ISP: 移动, Date: None, Delay: 12199 ms, Speed: 0.02 M/s, Resolution: None
Name: 新疆卫视, URL: http://shijiazhuangjingshi-b.synology.me:8092/hls/47/index.m3u8, From: subscribe, IPv_Type: ipv4, Location: 中国-河北-石家庄, ISP: 电信, Date: None, Delay: 12973 ms, Speed: 0.02 M/s, Resolution: None
Name: 新疆卫视, URL: http://183.11.239.36:808/hls/65/index.m3u8, From: subscribe, IPv_Type: ipv4, Location: 中国-广东-深圳, ISP: 电信, Date: None, Delay: 12801 ms, Speed: 0.01 M/s, Resolution: None
Name: 新疆卫视, URL: rtsp://183.59.156.166/PLTV/88888905/224/3221230148/817310116.smil?rrsip=125.88.104.40, From: subscribe, IPv_Type: ipv4, Location: 中国-广东-广州, ISP: 电信, Date: None, Delay: 12006 ms, Speed: 0.00 M/s, Resolution: None
Name: 新疆卫视, URL: rtsp://10.15.250.13/PLTV/88888888/224/0/3221226149/iptv147985.smil, From: subscribe, IPv_Type: ipv4, Location: IANA, ISP: 局域网IP(Private-Use), Date: None, Delay: 12008 ms, Speed: 0.00 M/s, Resolution: None
Name: 云南卫视, URL: https://iptv.catvod.com/live.php?id=%E4%BA%91%E5%8D%97%E5%8D%AB%E8%A7%86%E5%8F%B0, From: subscribe, IPv_Type: ipv6, Location: 美国, ISP: CloudFlare Inc., Date: None, Delay: 86 ms, Speed: 11.74 M/s, Resolution: 1920x1080
Name: 云南卫视, URL: https://iptv.catvod.com/live.php?id=%E4%BA%91%E5%8D%97%E5%8D%AB%E8%A7%86, From: subscribe, IPv_Type: ipv6, Location: 美国, ISP: CloudFlare Inc., Date: None, Delay: 86 ms, Speed: 11.74 M/s, Resolution: 1920x1080
Name: 云南卫视, URL: https://iptv.catvod.com/live.php?id=%E4%BA%91%E5%8D%97%E5%8D%AB%E8%A7%86&line=1, From: subscribe, IPv_Type: ipv4, Location: 美国-加利福尼亚州-洛杉矶, ISP: IT7网络, Date: None, Delay: 86 ms, Speed: 11.74 M/s, Resolution: 1920x1080
Name: 云南卫视, URL: https://iptv.catvod.com/live.php?id=%E4%BA%91%E5%8D%97%E5%8D%AB%E8%A7%86&line=2, From: subscribe, IPv_Type: ipv4, Location: 美国-加利福尼亚州-洛杉矶, ISP: IT7网络, Date: None, Delay: 86 ms, Speed: 11.74 M/s, Resolution: 1920x1080
Name: 云南卫视, URL: https://iptv.catvod.com/live.php?id=%E4%BA%91%E5%8D%97%E5%8D%AB%E8%A7%86&line=3, From: subscribe, IPv_Type: ipv4, Location: 美国-加利福尼亚州-洛杉矶, ISP: IT7网络, Date: None, Delay: 86 ms, Speed: 11.74 M/s, Resolution: 1920x1080
Name: 云南卫视, URL: http://php.jdshipin.com/TVOD/hljyd.php?id=3221226444, From: subscribe, IPv_Type: ipv6, Location: 美国, ISP: CloudFlare Inc., Date: None, Delay: 828 ms, Speed: 9.85 M/s, Resolution: 1920x1080
Name: 云南卫视, URL: http://38.75.136.137:98/gslb/dsdqpub/ynwshd.m3u8?auth=testpub, From: subscribe, IPv_Type: ipv4, Location: 美国-伊利诺伊州-库克, ISP: Cogent, Date: None, Delay: 468 ms, Speed: 9.46 M/s, Resolution: 1920x1080
Name: 云南卫视, URL: http://23.237.228.134/live8/yunnan.m3u8, From: subscribe, IPv_Type: ipv4, Location: 北美地区, ISP: , Date: None, Delay: 331 ms, Speed: 8.14 M/s, Resolution: 1920x1080
Name: 云南卫视, URL: http://60.13.52.236:65500/newlive/live/hls/43/live.m3u8, From: subscribe, IPv_Type: ipv4, Location: 中国-甘肃-兰州, ISP: 联通, Date: None, Delay: 10636 ms, Speed: 0.38 M/s, Resolution: 720x576
Name: 云南卫视, URL: http://39.152.103.17:8089/tsfile/live/1083_1.m3u8, From: subscribe, IPv_Type: ipv4, Location: 中国-辽宁-阜新, ISP: 移动, Date: None, Delay: 12769 ms, Speed: 0.11 M/s, Resolution: None
Name: 云南卫视, URL: http://111.221.137.234:44330/tsfile/live/0118_2.m3u8?key=txiptv&playlive=0&authid=0, From: subscribe, IPv_Type: ipv4, Location: 中国-广东-深圳, ISP: 天威视讯, Date: None, Delay: 12456 ms, Speed: 0.09 M/s, Resolution: None
Name: 云南卫视, URL: http://shuangyashan.coccc.online:65000/tsfile/live/0119_1.m3u8?key=txiptv&playlive=1&authid=0, From: subscribe, IPv_Type: ipv4, Location: 中国-黑龙江-大庆, ISP: 电信, Date: None, Delay: 12707 ms, Speed: 0.07 M/s, Resolution: None
Name: 云南卫视, URL: http://123.129.70.178/rtp/239.253.254.196:8000$山东联通组播源-cache:123.129.70.178, From: multicast, IPv_Type: ipv4, Location: 中国-山东-东营, ISP: 联通, Date: 2024-02-07, Delay: 12376 ms, Speed: 0.07 M/s, Resolution: 1920x1080
Name: 云南卫视, URL: http://139.196.151.191/rtp/239.45.0.4:5140$上海电信组播源-cache:139.196.151.191, From: multicast, IPv_Type: ipv4, Location: 中国-上海-上海, ISP: 阿里云BGP数据中心, Date: 2024-03-01, Delay: 2410 ms, Speed: 0.07 M/s, Resolution: None
Name: 云南卫视, URL: http://sun135790.x3322.net:9901/tsfile/live/16038_1.m3u8?key=txiptv&playlive=1&authid=0, From: subscribe, IPv_Type: ipv4, Location: 中国-天津-天津, ISP: 联通, Date: None, Delay: 12542 ms, Speed: 0.03 M/s, Resolution: 1920x1080
Name: 云南卫视, URL: http://112.46.105.20:8009/hls/56/index.m3u8, From: subscribe, IPv_Type: ipv4, Location: 中国-陕西-咸阳, ISP: 移动, Date: None, Delay: 12199 ms, Speed: 0.02 M/s, Resolution: None
Name: 云南卫视, URL: http://183.11.239.36:808/hls/52/index.m3u8, From: subscribe, IPv_Type: ipv4, Location: 中国-广东-深圳, ISP: 电信, Date: None, Delay: 12801 ms, Speed: 0.01 M/s, Resolution: None
Name: 云南卫视, URL: rtsp://183.59.156.166/PLTV/88888905/224/3221230270/488774604.smil?rrsip=125.88.104.40, From: subscribe, IPv_Type: ipv4, Location: 中国-广东-广州, ISP: 电信, Date: None, Delay: 12006 ms, Speed: 0.00 M/s, Resolution: None
Name: 云南卫视, URL: rtsp://10.15.250.13/PLTV/88888888/224/3221226900/402477923.smil, From: subscribe, IPv_Type: ipv4, Location: IANA, ISP: 局域网IP(Private-Use), Date: None, Delay: 12008 ms, Speed: 0.00 M/s, Resolution: None
